Date,Open,High,Low,Close,Volume
2020-01-02,5.9283346184940875,5.9571380615234375,5.87792847479062,5.9571380615234375,237536000
2020-01-03,5.837701968795054,5.905490008291012,5.812871155604805,5.861787796020508,205384000
2020-01-06,5.768671412731947,5.891583178596287,5.742599277379908,5.886368751525879,262636000
2020-01-07,5.914678168348962,6.003323936985491,5.869734620146879,5.957635402679443,314856000
2020-01-08,5.953414487196314,6.010028698405144,5.913437194886444,5.968809604644775,277108000
2020-01-09,6.054969947829537,6.106617880822172,5.980726162554703,6.034360408782959,255112000
2020-01-10,6.141381945898443,6.171675359974287,6.052488017299634,6.066641330718994,316296000
2020-01-13,6.149575543562408,6.281923026165789,6.12697921604719,6.2568440437316895,319840000
2020-01-14,6.214135205399541,6.239462833086717,6.126979427600585,6.140140056610107,359088000
2020-01-15,6.152802880546791,6.175150562579818,6.071854694268641,6.0976786613464355,263104000
2020-01-16,6.151064667582227,6.187069318624034,6.127723829176326,6.18110990524292,284192000
2020-01-17,6.200230072148521,6.207679457997126,6.1423745488552575,6.189801216125488,253792000
2020-01-21,6.15330035826598,6.1900499995595695,6.122510131063469,6.156528472900391,217916000
2020-01-22,6.201720834154756,6.296822351590504,6.182849433154044,6.210411548614502,239240000
2020-01-23,6.250388482356197,6.287137649039151,6.161742732978473,6.278695106506348,244516000
2020-01-24,6.393909849337127,6.443571474503476,6.165467226066961,6.219598293304443,373512000
2020-01-27,5.91566936319543,6.015240772317174,5.766436808495874,5.9643378257751465,470536000
2020-01-28,6.030140227168706,6.189553496525558,5.977002312846959,6.157273769378662,310976000
2020-01-29,6.142872452573034,6.178877113475648,6.0572061577627805,6.096935749053955,258848000
2020-01-30,5.999350082914366,6.117047926796072,5.944474498630881,6.103639125823975,290504000
2020-01-31,6.05795012762334,6.069868955650473,5.8290111609015804,5.870726585388184,370420000
2020-02-03,5.852599491380816,5.9869337514197865,5.846391907308291,5.967566013336182,255564000
2020-02-04,6.109102961892305,6.15553648227727,6.059193155429683,6.136416435241699,271544000
2020-02-05,6.257093597361398,6.267274284490505,6.143368843165741,6.2265520095825195,208220000
2020-02-06,6.260817558047638,6.3132100105285645,6.179869362419789,6.3132100105285645,218284000
2020-02-07,6.273233053761534,6.2953325687371064,6.221833281757143,6.247160911560059,189752000
2020-02-10,6.269755839509713,6.530478170125203,6.264789582604499,6.529733657836914,529608000
2020-02-11,6.637746980573556,6.766370000222853,6.575918362337463,6.651900291442871,638556000
2020-02-12,6.70454318700568,6.773821209071166,6.665807226145709,6.767364978790283,374644000
2020-02-13,6.709509062531158,6.790705436408653,6.6821951180236105,6.723662376403809,528016000
2020-02-14,7.132871241875488,7.324316034279077,7.1015846769682796,7.195693016052246,1041924000
2020-02-18,7.092646240797741,7.382421154368142,7.073278500086372,7.364046096801758,620164000
2020-02-19,7.486213518147479,7.831857176120988,7.486213518147479,7.814227104187012,694332000
2020-02-20,7.766306005133771,7.854454965680768,7.35858544923678,7.665245056152344,810052000
2020-02-21,7.553255678868156,7.5783346604286,7.217295931211192,7.301968574523926,768180000
2020-02-24,6.709012487828229,6.999035609686193,6.654633241281441,6.785739421844482,856916000
2020-02-25,6.8607273723321756,6.9225559983296225,6.405332082047458,6.506889820098877,1055496000
2020-02-26,6.507137545574785,6.8396210206918395,6.505648047340765,6.645941257476807,747732000
2020-02-27,6.333136621915026,6.633768307386428,6.183814767032639,6.275991916656494,906416000
2020-02-28,6.024057286664083,6.769424425321909,6.007410894172658,6.710043430328369,1133252000
2020-03-02,6.879738226215909,6.896881729577299,6.484693639055509,6.86806058883667,890744000
2020-03-03,6.923715128015333,6.983344439079889,6.520968366746117,6.606188774108887,652792000
2020-03-04,6.713272364670828,7.0782537123650755,6.63873537880808,7.068812370300293,597408000
2020-03-05,6.869801250527407,7.036266618537501,6.745573378098731,6.7900471687316895,540328000
2020-03-06,6.610909007237286,6.668302495799002,6.410156667714396,6.609915256500244,515412000
2020-03-09,5.960450313330699,6.444938965658678,5.917716200363883,6.098094940185547,614160000
2020-03-10,6.373883391447351,6.486682415008545,6.1117629836396725,6.486682415008545,580648000
2020-03-11,6.347049964055862,6.375373996903059,6.026790637877311,6.123688220977783,499964000
2020-03-12,5.601683509592118,5.86653734889985,5.36167534133843,5.374346733093262,816540000
2020-03-13,5.72690287758895,5.9882782480355425,5.4563349584280525,5.983806133270264,634836000
2020-03-16,5.277446158270043,5.617582281021413,4.820039414726194,4.879668712615967,726972000
2020-03-17,4.991722819638062,5.487392094987451,4.745503441439184,5.398196220397949,833632000
2020-03-18,4.971597639823064,5.216077814958566,4.489096905227361,5.039177417755127,874268000
2020-03-19,5.017812074847171,5.384781510391298,4.804885885483796,5.291362285614014,765512000
2020-03-20,5.441180167876771,5.72243203505823,5.096572300669886,5.111976623535156,804636000
2020-03-23,5.11098266460325,5.378569879183568,4.932343026928404,5.284404754638672,643876000
2020-03-24,5.689635972329596,6.277482494566809,5.666032849202426,6.191019535064697,1101644000
2020-03-25,6.305806086188471,6.505067588828619,6.053871996434698,6.102569580078125,793432000
2020-03-26,6.309285501794354,6.515007130167915,6.211394153610367,6.3912763595581055,696108000
2020-03-27,6.211392945580001,6.53736691560444,6.178596798409605,6.279221534729004,638828000
2020-03-30,6.344564958091358,6.607928356954407,6.300588285202859,6.598735332489014,602252000
2020-03-31,6.638735329642442,6.842469377045188,6.403944797391366,6.549291610717773,949960000
2020-04-01,6.351770816048918,6.497862621026077,5.994739866838938,6.039213180541992,656912000
2020-04-02,6.068283026061286,6.360467128266359,6.020331344319397,6.347299098968506,675764000
2020-04-03,6.309782161502397,6.351274225977668,5.9229367585123605,6.060084342956543,663212000
2020-04-06,6.3415828201352085,6.705322110168501,6.284189334359252,6.668550491333008,727884000
2020-04-07,6.889676590192596,6.913280185472903,6.392765179884151,6.435748100280762,784520000
2020-04-08,6.54457162490278,6.6573706324645965,6.474755537698199,6.6325249671936035,542444000
2020-04-09,6.757996129395736,6.780853821789025,6.470284155436127,6.533143520355225,525564000
2020-04-13,6.47351356124016,6.7132733578706585,6.385311898450525,6.704577445983887,398408000
2020-04-14,6.832533113439113,7.0889393446446505,6.804954510071242,7.054901123046875,530948000
2020-04-15,6.887190767469019,7.060364488674328,6.841972034206441,6.977628707885742,366148000
2020-04-16,7.132667432102956,7.428826534022673,7.1194994029854035,7.321990489959717,745620000
2020-04-17,7.403980004345366,7.425347305451841,7.129188237967692,7.262857437133789,539120000
2020-04-20,7.136641723005758,7.2921748539610265,7.087695825238775,7.13192081451416,449388000
2020-04-21,7.014153273806916,7.075272975745173,6.636500486196766,6.69612979888916,735160000
2020-04-22,6.887937472455997,7.152294614390537,6.842470411605959,7.109560012817383,483356000
2020-04-23,7.151547701059466,7.283228895452296,7.031294875426273,7.056388854980469,424160000
2020-04-24,7.046204988864382,7.197017237436438,6.971667981991772,7.1950297355651855,352328000
2020-04-27,7.32919543452104,7.540631210935533,7.30459808693572,7.381122589111328,479388000
2020-04-28,7.528207409397369,7.558022301469902,7.233539222714368,7.239005088806152,442904000
2020-04-29,7.373420867111231,7.468082631149315,7.298387223684967,7.415410041809082,379160000
2020-04-30,7.361493734355101,7.4154088591523335,7.247949773360715,7.2618632316589355,375916000
2020-05-01,7.064836752511146,7.177884061945368,6.97762885516998,7.025829315185547,342096000
2020-05-04,6.978624046997186,7.250931680845557,6.978624046997186,7.237266540527344,317556000
2020-05-05,7.3411220220379825,7.460380664354772,7.237267230059776,7.2981390953063965,368896000
2020-05-06,7.37739587501728,7.503362917200423,7.339630499507867,7.3987627029418945,323464000
2020-05-07,7.5376498918987815,7.637777522329543,7.486468166152815,7.57466983795166,373732000
2020-05-08,7.646224657266343,7.770452516763413,7.612434759096941,7.7642412185668945,339216000
2020-05-11,7.759272663656854,8.062388970419114,7.730700310360557,8.015679359436035,469060000
2020-05-12,8.073320229167217,8.12201733914419,7.744613315147592,7.754302978515625,493060000
2020-05-13,7.868593117853469,8.028598386935984,7.5478366741451675,7.731942653656006,625852000
2020-05-14,7.793313502331367,7.986363772010875,7.640016124167071,7.980897903442383,602312000
2020-05-15,7.841015060461227,8.447992184242215,7.825362416366955,8.438302993774414,987660000
2020-05-18,8.706386193673236,8.861422715441426,8.626880430887004,8.696199417114258,774460000
2020-05-19,8.735952164581962,9.031365836913162,8.70862188133378,8.751108169555664,717320000
2020-05-20,8.935461023510964,8.987139854918718,8.833842543023762,8.914590835571289,587536000
2020-05-21,8.995590944598801,8.996584221867831,8.683530333281945,8.721047401428223,761068000
2020-05-22,8.770736577917994,9.03683343600463,8.659428881177773,8.970495223999023,1038764000
2020-05-26,9.100188817327473,9.125034961912307,8.618433305062045,8.663900375366211,770780000
2020-05-27,8.57172096969217,8.579422656009472,7.947351723829937,8.472587585449219,1175892000
2020-05-28,8.360284982055731,8.706384140840894,8.327488838944653,8.434574127197266,734896000
2020-05-29,8.501659484403891,8.820676803588867,8.432588808088804,8.820676803588867,745256000
2020-06-01,8.778684720302685,8.786138087525295,8.63582251257563,8.751851081848145,389876000
2020-06-02,8.741913641016255,8.782659789629411,8.604517298064136,8.770733833312988,391320000
2020-06-03,8.767752949429001,8.811480823540192,8.646257567101596,8.715328216552734,365440000
2020-06-04,8.678042483302525,8.892060453501106,8.627831617947038,8.716322898864746,424280000
2020-06-05,8.744162772614692,8.945503105070232,8.658157710663906,8.86894416809082,481748000
2020-06-08,8.826444074139427,8.838872345386097,8.636040341563438,8.754608154296875,387736000
2020-06-09,8.749631339266706,9.057608018513038,8.701160447107585,8.994222640991211,468488000
2020-06-10,9.115279467841278,9.44562750483646,9.101110275596922,9.313139915466309,632180000
2020-06-11,9.097627526364212,9.208240685971829,8.735711592301131,8.745903015136719,583652000
2020-06-12,9.11005648138736,9.134664575727575,8.653434667947968,8.881372451782227,570908000
2020-06-15,8.764794924642382,9.129693970720945,8.69370339239362,9.12124252319336,400004000
2020-06-16,9.172198011090448,9.213708995508652,8.788158348881796,9.016592979431152,535716000
2020-06-17,9.061587984964056,9.245777040629367,9.018336061726147,9.183137893676758,408304000
2020-06-18,9.174188600931451,9.229370971612544,9.062332316008169,9.165240287780762,254408000
2020-06-19,9.189599539573098,9.39093989515145,9.174436620303387,9.20824146270752,524160000
2020-06-22,9.246771661468518,9.476697912993025,9.220174203686891,9.472223281860352,398468000
2020-06-23,9.496332960119092,9.587309525836865,9.353654927459205,9.39591121673584,375108000
2020-06-24,9.422012461612931,9.501803887247242,9.092161313313138,9.18264102935791,449372000
2020-06-25,9.302203828855783,9.450599648847081,9.129696769818231,9.435685157775879,376072000
2020-06-26,9.445625718185534,9.445625718185534,9.072772071415052,9.10260009765625,592084000
2020-06-29,9.117266222856149,9.151817312552694,8.849059572517856,9.147342681884766,342248000
2020-06-30,9.260692369521378,9.471727334858345,9.21346457243952,9.443390846252441,367892000
2020-07-01,9.466257584270018,9.520943092607503,9.359124357158036,9.475454330444336,326648000
2020-07-02,9.583830317693366,9.681766795044908,9.52342801780693,9.557233810424805,364056000
2020-07-06,9.685992386533162,9.852036371881187,9.656909656197096,9.782934188842773,315892000
2020-07-07,9.889322168841927,10.01236361484961,9.79436877481935,9.815248489379883,357800000
2020-07-08,9.93654906253505,10.166476230955992,9.908461013084509,10.157526969909668,365480000
2020-07-09,10.32083863746605,10.509502323054798,10.17492811323484,10.448851585388184,494548000
2020-07-10,10.528144672391011,10.594263768223163,10.319346579441985,10.419271469116211,497676000
2020-07-13,10.534357598250097,10.730478013100093,9.967619466000675,9.99471378326416,457076000
2020-07-14,10.017334456489614,10.343208748675954,9.729491205941963,10.317605972290039,542676000
2020-07-15,10.354643532436837,10.373285456655864,9.9981949595581,10.168713569641113,403984000
2020-07-16,9.957678504058652,10.148330579277705,9.838862314759108,10.076743125915527,344964000
2020-07-17,10.166974986746677,10.189843112280766,10.030013717920978,10.143112182617188,266284000
2020-07-20,10.215447714331768,10.470976803368382,10.098619895232963,10.450593948364258,284852000
2020-07-21,10.452825224050619,10.499557085377687,10.227870537311848,10.269381523132324,277036000
2020-07-22,10.308161365872728,10.541815989518545,10.23259614351377,10.379003524780273,367292000
2020-07-23,10.390189182924372,10.486634124309322,9.973836090293624,10.071772575378418,411660000
2020-07-24,9.818479092225905,10.305425850353402,9.721040433377166,10.136150360107422,473292000
2020-07-27,10.173685827717728,10.38198611518215,10.159268204168063,10.361852645874023,292132000
2020-07-28,10.31487200985098,10.322577211722987,10.150816447226648,10.15703010559082,271636000
2020-07-29,10.331277485949975,10.456058901678837,10.287778082878747,10.405599594116211,284508000
2020-07-30,10.31561792819607,10.562198626174778,10.23632432247183,10.553250312805176,308880000
2020-07-31,10.502788631136903,10.704876167416607,10.373284166869748,10.553994178771973,386080000
2020-08-03,10.67107288009153,11.03522669529022,10.653921549349986,10.947233200073242,412720000
2020-08-04,10.986754217813543,11.16348648071289,10.843578365613316,11.16348648071289,310336000
2020-08-05,11.179644171241007,11.306662426415594,11.102338977036846,11.222148895263672,249924000
2020-08-06,11.284788588104904,11.292991603889252,11.114767787246265,11.270620346069336,244316000
2020-08-07,11.247750090326356,11.438899949925162,10.974324500566038,11.135396957397461,342516000
2020-08-10,11.269378890384155,11.342954759845608,10.79436251780805,11.101097106933594,427796000
2020-08-11,11.010367521177148,11.073007607753555,10.733958811085435,10.787899017333984,354512000
2020-08-12,10.927842871271675,11.40136666941188,10.895528625086735,11.374770164489746,464412000
2020-08-13,11.479913541646958,11.654658327351312,11.290753031765972,11.377503395080566,374460000
2020-08-14,11.464010282975181,11.637760465479507,11.37502304020763,11.49781608581543,366436000
2020-08-17,11.78341797703203,12.338721639164778,11.749613132917666,12.266387939453125,621300000
2020-08-18,12.37874242255525,12.424479620147759,12.017074833283205,12.19057559967041,503448000
2020-08-19,12.226120712995726,12.244514205502846,12.028756205783154,12.069025039672852,622624000
2020-08-20,11.906464768964373,12.304175099980277,11.810765098296775,12.071514129638672,921388000
2020-08-21,12.13191156434554,12.73543767305914,12.125448525163229,12.610904693603516,999868000
2020-08-24,12.810008752365281,12.8385946165752,12.435911984887685,12.647444725036621,490564000
2020-08-25,12.558456133077177,12.688209041803288,12.501782219926314,12.677023887634277,289076000
2020-08-26,12.725991685415721,12.79484543135099,12.605187089337212,12.699892044067383,321244000
2020-08-27,12.708346642679762,12.776455107840516,12.494577014962143,12.555974006652832,317604000
2020-08-28,12.602455329358637,13.072747707799321,12.570141076320425,13.07249927520752,537160000
2020-08-31,13.10729583061837,13.497300775546966,12.963126258132377,13.297948837280273,500840000
2020-09-01,13.406855757117219,13.917818175661797,13.363591845452834,13.74600601196289,511316000
2020-09-02,14.623963657510243,14.646839567379729,13.824574955850318,14.26865291595459,874012000
2020-09-03,13.75371449896683,13.809161891775185,12.808869413540275,12.944877624511719,945128000
2020-09-04,12.71438557555537,13.103513279082552,11.641240655235373,12.554011344909668,1463684000
2020-09-08,11.670826550949025,12.481901768077714,11.64074109472669,11.848358154296875,795728000
2020-09-09,12.3327152920004,12.739744895840701,12.16537815920074,12.64600658416748,736200000
2020-09-10,12.918770116551691,12.994357950704119,12.100981305836067,12.244946479797363,698684000
2020-09-11,12.417752852588826,12.583846512984273,11.831202602456209,12.098494529724121,636928000
2020-09-14,13.010020502713123,13.242750033631548,12.562710979011644,12.80240249633789,1201744000
2020-09-15,13.207941722010666,13.226590173176504,12.758146125908663,12.920510292053223,727556000
2020-09-16,12.886941792074117,13.021706504588948,12.445848717637983,12.44659423828125,556384000
2020-09-17,12.066420242616426,12.521438302822826,11.969449429392025,12.395873069763184,792512000
2020-09-18,12.52541200884022,12.563951434578398,11.923695400866444,12.123106956481934,698460000
2020-09-21,11.86029406096583,12.454551820156114,11.839905113708335,12.44933032989502,721044000
2020-09-22,12.506765396916883,12.579369239088551,12.089542285546635,12.569174766540527,646452000
2020-09-23,12.507264838221865,12.657943496885007,12.013708288878673,12.057966232299805,647012000
2020-09-24,12.006744330754543,12.50129577509505,11.948809980000965,12.280997276306152,731240000
2020-09-25,12.37995930307491,12.81359341042278,12.179304208660158,12.803895950317383,588016000
2020-09-28,12.969491127871112,12.980929083477617,12.680816250113036,12.964269638061523,573808000
2020-09-29,12.867295410963091,13.369803678548026,12.863068898267835,13.15398120880127,621460000
2020-09-30,13.086105607065111,13.548582595898237,13.07889511363806,13.45708179473877,689184000
2020-10-01,13.683348208064956,13.688071736035704,13.387710370072455,13.540626525878906,525004000
2020-10-02,13.153238276064698,13.44613964716638,12.980181706832932,12.991371154785156,552496000
2020-10-05,13.164177827694674,13.57021240499254,13.15099937684781,13.568471908569336,479820000
2020-10-06,13.754957214450531,14.065264550133465,13.590852555868134,13.661964416503906,784420000
2020-10-07,13.923782904865428,14.0426346180489,13.788271748799753,13.888226509094238,418084000
2020-10-08,13.998628455737617,14.008077409272373,13.683349068361048,13.763660430908203,378900000
2020-10-09,13.692299667418414,13.749239048406054,13.586626375698904,13.688072204589844,346892000
2020-10-12,13.913589145230178,14.269149327128469,13.8370073024211,14.148805618286133,434744000
2020-10-13,14.218926882877872,14.270644774539951,13.942683949168318,14.170938491821289,344604000
2020-10-14,14.212960363971911,14.26492676780925,13.88425398455588,14.018770217895508,276100000
2020-10-15,13.73581225732956,13.929753875044918,13.693045357210385,13.894198417663574,267224000
2020-10-16,13.96058405122219,14.044874357852594,13.717659097272511,13.736556053161621,242392000
2020-10-19,13.82756066882384,13.90762351790688,13.334003224238439,13.42451000213623,298068000
2020-10-20,13.509794010029397,13.724871025768707,13.433709170027877,13.571457862854004,229212000
2020-10-21,13.551070803924599,13.716667466639537,13.40437110040084,13.451364517211914,219596000
2020-10-22,13.449125399181334,13.53789073143853,13.159952541281239,13.288501739501953,290480000
2020-10-23,13.377018906592749,13.519492082140397,13.219130715639897,13.516508102416992,233484000
2020-10-26,13.354143296213284,13.618451231858877,12.967751138200027,13.06994342803955,336896000
2020-10-27,13.233801206707778,13.369063898523823,13.119922439853289,13.32405948638916,250520000
2020-10-28,13.126387847890996,13.188051710193019,12.540584001520877,12.558485984802246,376520000
2020-10-29,12.768837386000987,13.121165154152697,12.68081757068752,12.953330993652344,320080000
2020-10-30,12.780274436354883,12.86630429338477,12.233258625540165,12.465989112854004,416820000
2020-11-02,12.589068316716522,12.767096951899822,12.32774434236848,12.512486457824707,299652000
2020-11-03,12.639540236084493,13.033888358284065,12.534363980008045,12.9488525390625,272900000
2020-11-04,13.316596395057736,13.752468880075408,13.26463000763654,13.719398498535156,410228000
2020-11-05,14.085653088319836,14.261194749998864,13.915083461408287,14.083166122436523,319028000
2020-11-06,14.033188045302696,14.50958900610018,13.819603973147315,14.48298454284668,383348000
2020-11-09,14.473533988039739,14.611779675899903,13.536894602102251,13.556785583496094,582976000
2020-11-10,13.53266964084014,13.53266964084014,12.55972815670973,12.700709342956543,644068000
2020-11-11,12.982921964723136,13.36210372760183,12.877994174947878,13.345195770263672,404744000
2020-11-12,13.405859374670719,13.691301738758,13.243743750727589,13.383729934692383,365812000
2020-11-13,13.553305579639913,13.594580483530914,12.988387818739444,13.224847793579102,346312000
2020-11-16,13.101022892269615,13.57543482478266,13.084612902797199,13.441913604736328,413776000
2020-11-17,13.478959935350014,13.522472345327744,13.231559991334292,13.349416732788086,312028000
2020-11-18,13.392184564746637,13.531922248694801,13.113455665930692,13.35588264465332,510924000
2020-11-19,13.141056448609183,13.414315378972356,13.028918190667222,13.367321968078613,565936000
2020-11-20,13.380996827726403,13.42127675687941,12.994106718659982,13.01673412322998,341088000
2020-11-23,13.099781223360337,13.309884305156885,12.94487607234443,13.068700790405273,361356000
2020-11-24,13.071186853481274,13.090580823661265,12.815084388554446,12.887439727783203,346500000
2020-11-25,12.961782239367743,13.197495724792077,12.949350257598425,13.162934303283691,259916000
2020-11-27,13.302427107961007,13.334751028195774,13.099036529844811,13.18929386138916,167276000
2020-11-30,13.193022390006243,13.339722070023917,12.901860540365371,13.328781127929688,286952000
2020-12-01,13.41903802202874,13.455339940878662,13.156469666121708,13.317342758178711,296948000
2020-12-02,13.278056936052282,13.599304211301206,13.162437699845077,13.471004486083984,283360000
2020-12-03,13.517764495771466,13.589892631736793,13.260592045398973,13.327247619628906,199520000
2020-12-04,13.379479997427541,13.490408499250023,13.320037037924799,13.488667488098145,202244000
2020-12-07,13.531445119380862,13.66077804492372,13.430715060040114,13.536916732788086,223244000
2020-12-08,13.51527914984112,13.528958658042994,13.213336596873383,13.281485557556152,271920000
2020-12-09,13.232238946348641,13.345156083678086,12.802207321709657,12.864386558532715,401300000
2020-12-10,12.802951488524151,13.00167623711851,12.783550841795494,12.905671119689941,207764000
2020-12-11,12.900698238186449,12.953178094559908,12.757188653902821,12.946462631225586,209264000
2020-12-14,13.020827307185531,13.320033514605955,13.010381243037374,13.24044418334961,270156000
2020-12-15,13.370772848841048,13.394898420852309,13.119072012231975,13.291930198669434,193016000
2020-12-16,13.3536122578648,13.368287035609647,13.144689988892607,13.17453670501709,223116000
2020-12-17,13.29814602797572,13.31083121205672,13.110862615374025,13.272777557373047,231384000
2020-12-18,13.310334366601626,13.336200948982984,13.003418348495277,13.20388412475586,342064000
2020-12-21,13.007645399918461,13.30138000486994,12.900945634831366,13.263823509216309,302332000
2020-12-22,13.25089297888134,13.26880025003233,12.98700409143935,13.210103034973145,185580000
2020-12-23,13.187964500320144,13.206867037891026,12.938253278699113,12.94248104095459,179144000
2020-12-24,12.970337770352513,13.0650990425598,12.872344005635338,12.927061080932617,97884000
2020-12-28,12.995458098210715,12.995458098210715,12.697744316384448,12.833791732788086,212564000
2020-12-29,12.858667572211063,13.005410622844051,12.776341936136811,12.876823425292969,170372000
2020-12-30,12.923579073766286,13.145932243119045,12.830559761023274,13.07828140258789,225396000
2020-12-31,13.069079778670659,13.083505026218697,12.848716190436818,12.987998008728027,192424000
2021-01-04,13.036994722740106,13.582431124501683,12.895971895425573,13.046196937561035,560640000
2021-01-05,13.03251966866756,13.374505491666145,13.01983542997663,13.335954666137695,322760000
2021-01-06,13.15463928774817,13.177023851121177,12.521406527298588,12.549759864807129,580424000
2021-01-07,12.900945853564691,13.30909096314701,12.820362197139659,13.275513648986816,461480000
2021-01-08,13.293920064625954,13.35211916574799,12.975064589250893,13.208609580993652,292528000
2021-01-11,13.349880341033488,13.889347964433247,13.293919414175052,13.551589965820312,518344000
2021-01-12,13.681920173620775,13.683910713956553,13.276512193527163,13.415544509887695,291476000
2021-01-13,13.42076462097778,13.555071983938621,13.316303971194731,13.462300300598145,210028000
2021-01-14,13.505331339457138,13.529954076705605,13.112856179222367,13.1325044631958,283120000
2021-01-15,13.160111360544299,13.256862241952655,12.78255958026351,12.793502807617188,277780000
2021-01-19,12.949448048993759,13.026799227702664,12.778082270234988,12.958402633666992,226188000
2021-01-20,13.044455477389974,13.361569918313185,12.9897384021598,13.297152519226074,258572000
2021-01-21,13.349630731667151,13.927400548792576,13.184980456371806,13.796326637268066,337780000
2021-01-22,13.669478414090953,13.77070654815248,13.557307056966378,13.642119407653809,246820000
2021-01-25,13.711018054558481,13.757528189213795,13.168566485898285,13.58317756652832,251112000
2021-01-26,13.510797782058482,13.574718011567779,13.318788513278982,13.366293907165527,163980000
2021-01-27,13.162099460401164,13.164835741319445,12.728088683861888,12.851452827453613,371272000
2021-01-28,12.92954887671929,13.271286051874542,12.893981971050982,12.984017372131348,228316000
2021-01-29,13.007894722708423,13.26631196684961,12.845234024057874,12.92308235168457,271552000
2021-02-01,12.986256485316742,13.202639933895902,12.836528607721643,13.169063568115234,217204000
2021-02-02,13.329983990357096,13.502344069129984,13.217314493896918,13.487173080444336,220440000
2021-02-03,13.566016436499996,13.860249190894029,13.447130528740699,13.461058616638184,245408000
2021-02-04,13.46155462652012,13.60332319408904,13.269296744638849,13.594120979309082,201340000
2021-02-05,13.654558033830845,13.666745108660233,13.476227305081746,13.521245002746582,169152000
2021-02-08,13.656798344420974,14.399467130873976,13.656798344420974,14.364646911621094,434624000
2021-02-09,14.267147945822208,14.50840365374763,14.149504952867572,14.190046310424805,287560000
2021-02-10,14.389019846164402,14.82850221001609,14.267894829975646,14.688474655151367,485352000
2021-02-11,14.903366783802442,15.19386796154073,14.848400177999755,15.172477722167969,450828000
2021-02-12,14.972759615299346,15.212771494540394,14.699170418654422,14.884465217590332,374756000
2021-02-16,14.98693515502818,15.29360353659292,14.873271342590193,15.251569747924805,321960000
2021-02-17,15.093138598804355,15.145369878254435,14.704145502301538,14.829499244689941,274756000
2021-02-18,14.653406299348754,14.796915880160729,14.500196394226357,14.752893447875977,233868000
2021-02-19,14.947390182953654,15.099107664393724,14.770552807333134,14.849893569946289,271724000
2021-02-22,14.698920325656603,15.055580850463219,14.251478660606724,14.282071113586426,325884000
2021-02-23,14.003011915069953,14.165673573330455,13.320781350681472,14.069419860839844,391780000
2021-02-24,14.050269867109018,14.43229893762585,13.685401378528587,14.424588203430176,448320000
2021-02-25,13.973413810504649,14.300974328312286,13.148420401177352,13.239201545715332,824436000
2021-02-26,13.681918627171427,13.783395375288514,13.292428372327969,13.64411449432373,500932000
2021-03-01,13.803788241965915,13.853531812773983,13.483689896095202,13.770709037780762,353184000
2021-03-02,13.828658834605728,13.84905380194332,13.327245868076808,13.337443351745605,264116000
2021-03-03,13.35734404205113,13.382463937464099,12.733063976194641,12.739033699035645,377592000
2021-03-04,12.735050337073638,12.90840660411172,12.021730309210714,12.30675983428955,573344000
2021-03-05,12.485586839310546,12.485586839310546,11.619305571619883,12.397541046142578,542840000
2021-03-08,12.38610197088301,12.407242680598653,11.507136309244094,11.5337495803833,543112000
2021-03-09,12.072158275042783,12.55632821655255,12.001498194954765,12.460290908813477,521824000
2021-03-10,12.779005688253813,12.917837277415549,12.397840483205071,12.408538818359375,384376000
2021-03-11,12.887982786943063,12.983772381108242,12.673514929162938,12.9312744140625,299916000
2021-03-12,12.58768004946713,12.827028797912275,12.529709519311325,12.794435501098633,243964000
2021-03-15,12.803142092591518,13.143504301301956,12.706109160796741,13.12807846069336,221988000
2021-03-16,13.292537069306986,13.447790141533767,13.0539352931175,13.22760009765625,272128000
2021-03-17,12.977302577062947,13.388822153481435,12.92729317177526,13.277359008789062,243864000
2021-03-18,13.073590340581577,13.120862523869793,12.656098955024245,12.661572456359863,293896000
2021-03-19,12.688941772839797,12.85962068483066,12.552100433738472,12.784233093261719,299208000
2021-03-22,12.850912459188029,13.330354946608361,12.844940676234321,13.123102188110352,297804000
2021-03-23,13.190777367520809,13.28059519177102,12.958893359815724,13.008156776428223,222048000
2021-03-24,13.088270010291474,13.096232071229919,12.576234227742477,12.582453727722168,245840000
2021-03-25,12.439640540443962,12.653859729796126,12.21323006912664,12.475218772888184,295144000
2021-03-26,12.494377029182635,12.794682152334557,12.314244068153682,12.777763366699219,363968000
2021-03-29,12.758856522679663,12.999946887154547,12.639182621038824,12.88624382019043,273520000
2021-03-30,12.780500784061243,12.913112896753688,12.644156781650523,12.810108184814453,200204000
2021-03-31,12.953167891076216,13.405988787015568,12.920325938072057,13.284324645996094,314776000
2021-04-01,13.507254271126333,13.803577899001159,13.446545573751832,13.745607376098633,308276000
2021-04-05,13.801090791161734,13.946888858751477,13.667234391669156,13.920516014099121,255672000
2021-04-06,13.93270468820541,13.98694331314169,13.707538513605108,13.795116424560547,191744000
2021-04-07,13.814276132527263,14.175289010956332,13.645837117597932,14.07576847076416,251284000
2021-04-08,14.184494625705307,14.40219704194107,14.180761787034063,14.24843692779541,244416000
2021-04-09,14.145929352242257,14.339000535339244,14.107116562396575,14.331038475036621,195172000
2021-04-12,14.221319152451406,15.278979704341099,14.07153957274633,15.1361665725708,869324000
2021-04-13,15.158558477798532,15.624815043568274,15.053314813963015,15.604413032531738,676212000
2021-04-14,15.550170363858236,15.645212997529281,15.154573991837399,15.203837394714355,385500000
2021-04-15,15.587495731609307,16.136603691041266,15.556644047872503,16.059972763061523,598480000
2021-04-16,15.976122352137821,16.088333399352724,15.78927161572007,15.836296081542969,335208000
2021-04-19,15.46209667219749,15.731798779412195,15.160049939654558,15.288183212280273,404420000
2021-04-20,15.24986813446878,15.422785985221951,14.89134381807293,15.098596572875977,334132000
2021-04-21,15.046347575304525,15.28893085259979,15.029927070355269,15.286940574645996,216776000
2021-04-22,15.301372550222148,15.364568865290124,14.712704831012775,14.779135704040527,277788000
2021-04-23,14.862730170890476,15.26156114974352,14.828893550222844,15.192145347595215,227500000
2021-04-26,15.112282067435485,15.404873825568805,15.052568979496371,15.403878211975098,197796000
2021-04-27,15.503895773425132,15.59545520137398,15.28096851185869,15.308088302612305,164572000
2021-04-28,15.290922515939359,15.457869551472516,15.142635880213009,15.203592300415039,209416000
2021-04-29,15.326250200272115,15.362575381790093,14.999323566610313,15.251360893249512,173196000
2021-04-30,15.101830901269981,15.291417919862836,14.925180214363863,14.937620162963867,201912000
2021-05-03,15.052568004352894,15.173734835232782,14.716684635138343,14.765698432922363,203912000
2021-05-04,14.56715281088662,14.567401476976356,13.94315563012395,14.282522201538086,405324000
2021-05-05,14.638561381478151,14.742561720214292,14.318601150830188,14.389261245727539,292024000
2021-05-06,14.42583212858032,14.50146837786924,14.149910536895737,14.453449249267578,193380000
2021-05-07,14.737335285779373,14.89905652104171,14.601488612944612,14.741315841674805,229328000
2021-05-10,14.716433747684961,14.735094144163076,14.181757059075164,14.197431564331055,268904000
2021-05-11,13.758792529289508,14.28600545214214,13.684151890616677,14.237737655639648,285584000
2021-05-12,13.942410098916847,14.191959832815755,13.64359884835176,13.692612648010254,303408000
2021-05-13,13.9665447300379,14.013320537107868,13.394547147231089,13.599809646606445,285404000
2021-05-14,13.823480278695746,14.259382396455385,13.682657460128112,14.174789428710938,258616000
2021-05-17,14.089204485525109,14.101395769520703,13.787158662144325,14.097663879394531,216980000
2021-05-18,14.19867642444646,14.335269089608653,13.936935429096572,13.948629379272461,186256000
2021-05-19,13.50153158198769,14.012075380470698,13.478393295136081,13.998391151428223,344000000
2021-05-20,14.23400657092492,14.613431183534683,14.202160225647615,14.542522430419922,321592000
2021-05-21,15.09113341773736,15.149104894905113,14.79829298748573,14.919957160949707,672992000
2021-05-24,15.139647605689639,15.669597751616458,15.10332242541384,15.537235260009766,554816000
2021-05-25,15.690497590957026,15.742745944567211,15.408355532354786,15.572813987731934,435408000
2021-05-26,15.658902183248264,15.718116992592673,15.511611158286742,15.624815940856934,370440000
2021-05-27,15.624566756037233,15.674576171257446,15.385964965433507,15.413830757141113,581476000
2021-05-28,15.426765997018279,16.19954708212294,15.426765997018279,16.166704177856445,644536000
2021-06-01,16.19208371844466,16.30976731502325,15.827089363864259,16.186609268188477,472804000
2021-06-02,16.174420647544324,16.837728952367616,16.157750527142543,16.697900772094727,594168000
2021-06-03,16.62077403418186,17.17635111968771,16.503587746671425,16.888484954833984,580008000
2021-06-04,17.030546995580625,17.576420274353822,17.013630109860085,17.494068145751953,617120000
2021-06-07,17.48710229431981,17.727196038292035,17.110414943863784,17.534622192382812,575756000
2021-06-08,17.443314784213733,17.53711316104232,17.16838687091044,17.373401641845703,323848000
2021-06-09,17.435866151003694,17.494845805819946,17.177051714798523,17.279083251953125,381656000
2021-06-10,17.270870846616056,17.412223413314685,17.097664634985957,17.34552764892578,287772000
2021-06-11,17.399776046347206,17.857430256597556,17.36418966363082,17.74394989013672,416308000
2021-06-14,17.82433434092857,17.957224622706175,17.582193863360512,17.936569213867188,321376000
2021-06-15,17.833298742206022,17.934086683209838,17.647151290772516,17.707374572753906,243032000
2021-06-16,17.709613082018276,17.872864694606672,17.504302577299367,17.729022979736328,307124000
2021-06-17,17.693435236474446,18.749097779560163,17.675268955812072,18.572158813476562,809656000
2021-06-18,18.698329309981435,19.286633450241315,18.499240721357857,18.553741455078125,968856000
2021-06-21,18.351165525479242,18.45195531562925,17.74145991840171,18.343202590942383,672384000
2021-06-22,18.387254606653663,18.877259967462265,18.30214384565627,18.800609588623047,580144000
2021-06-23,18.921061246552416,19.065400403264565,18.821516935073355,18.970335006713867,332356000
2021-06-24,19.14005430634004,19.331426768379632,19.001188991925353,19.117904663085938,320924000
2021-06-25,19.192566694456715,19.257270776737716,18.80832746643894,18.944204330444336,278364000
2021-06-28,19.272944526076227,19.987172738905034,19.23088754454261,19.893850326538086,495436000
2021-06-29,19.791816597228845,20.007079760054115,19.567344985249843,19.935409545898438,367632000
2021-06-30,19.9080348431735,20.070540237808444,19.773152897382392,19.911270141601562,326568000
2021-07-01,20.033212727409474,20.362702460566606,19.927695282223045,20.119815826416016,480136000
2021-07-02,20.34703212445631,20.41173622195547,20.19522745262181,20.39356803894043,342764000
2021-07-06,20.642917142581126,20.746940344072726,20.257434361701367,20.604095458984375,446708000
2021-07-07,20.758390496324644,20.779792073320536,20.239269348710295,20.278837203979492,418428000
2021-07-08,19.765942737262215,20.041180526798016,19.61090277990758,19.811981201171875,503300000
2021-07-09,19.87145390678074,19.988667035276382,19.664153655569276,19.958803176879883,296624000
2021-07-12,20.14768528825226,20.439099465381375,20.09567369123447,20.418943405151367,321984000
2021-07-13,20.307455300297775,20.36792918431061,20.02226296191594,20.157642364501953,290708000
2021-07-14,20.26489928311296,20.3246250945611,19.662659112833513,19.75100326538086,380100000
2021-07-15,19.721394132584212,19.75648307783893,18.772490778787795,18.879749298095703,550564000
2021-07-16,18.94370627742423,19.06962851714903,17.990572779108614,18.078170776367188,688224000
2021-07-19,17.83354040544613,18.95515041008201,17.784016036287866,18.6940975189209,749060000
2021-07-20,18.644572891370625,18.75208011096828,18.08115440605644,18.527111053466797,434687000
2021-07-21,18.795882316770854,19.43794103502016,18.656521440989437,19.321474075317383,371017000
2021-07-22,19.552414359226333,19.7962958674944,19.18808253655946,19.5046329498291,323826000
2021-07-23,19.566352203135214,19.610152148792288,19.162203768763973,19.468799591064453,195672000
2021-07-26,19.222929669807954,19.353330839467855,18.827738996164285,19.20600700378418,203943000
2021-07-27,19.17713490295772,19.532507034154946,18.655524613503584,19.12039566040039,248863000
2021-07-28,19.230890227163382,19.556398512743925,18.908368517411507,19.414051055908203,202191000
2021-07-29,19.429981088890184,19.76245938835662,19.239852175387078,19.572330474853516,190781000
2021-07-30,19.32943666500641,19.540469658257,19.17514481205662,19.41006851196289,183497000
2021-08-02,19.61015425708338,19.86996358597214,19.272699647938943,19.65992546081543,217444000
2021-08-03,19.64996594812888,20.12976790319544,19.132337204129723,19.724624633789062,301811000
2021-08-04,19.89882869548474,20.225333759526567,19.737566897497963,20.181533813476562,231309000
2021-08-05,20.406499107972277,20.638436193057032,20.249218807263766,20.54287338256836,211435000
2021-08-06,20.430391658316715,20.476181384713264,20.117822711619997,20.27311134338379,178497000
2021-08-09,20.35274874502735,20.414466247960842,20.0511311729326,20.202438354492188,146443000
2021-08-10,20.229314798148827,20.33682202830791,19.744534522125157,19.845075607299805,179238000
2021-08-11,19.951584652682246,19.957557803565333,19.341381532525443,19.609153747558594,185925000
2021-08-12,19.779376396027782,19.937649714347675,19.53051661292987,19.81421661376953,151652000
2021-08-13,19.814217948269306,20.121808676083944,19.760463380904792,20.09592628479004,183063000
2021-08-16,20.043168322323123,20.194475504529578,19.364277685801866,19.859012603759766,210876000
2021-08-17,19.595219037943533,19.679832352567306,19.179126204409833,19.36925506591797,204585000
2021-08-18,19.41106621785206,19.544455857793075,18.91334657124047,18.95316505432129,285913000
2021-08-19,19.405093949250475,20.40153007897719,18.67643200408069,19.70770835876465,766555000
2021-08-20,19.899821801702963,20.769836101289304,19.842087671920797,20.721059799194336,675741000
2021-08-23,20.87535498538819,21.89667462197285,20.854450854471086,21.857852935791016,575807000
2021-08-24,21.653790746731485,21.858850614050873,21.43678457528005,21.693607330322266,297299000
2021-08-25,21.637857891352155,22.3675145090299,21.62292691334413,22.11168670654297,347701000
2021-08-26,22.098751769400412,22.238112654688,21.69062183507276,21.96735382080078,237940000
2021-08-27,22.0828224516965,22.61836882879445,22.06589978843184,22.532760620117188,304722000
2021-08-30,22.725882475496,22.937910424351493,22.448155538395845,22.584529876708984,262580000
2021-08-31,22.59547666794216,22.59547666794216,22.022999320495497,22.286836624145508,259850000
2021-09-01,22.386396092304786,22.597466292510102,22.258957158391045,22.342588424682617,201767000
2021-09-02,22.419249529951113,22.493921385599155,22.197227896388572,22.29778480529785,187834000
2021-09-03,22.227102137054732,22.88520284967304,22.102650281637818,22.742830276489258,280532000
2021-09-07,22.732867877774773,22.798578424834954,22.42323092316532,22.562618255615234,198107000
2021-09-08,22.41427795741543,22.51085272092236,21.880627189247374,22.24104118347168,254434000
2021-09-09,22.21415637158111,22.43916513590544,22.033950346554978,22.079748153686523,196856000
2021-09-10,22.249995986999718,22.52677674082894,22.1723389246809,22.379426956176758,248376000
2021-09-13,22.584525817265025,22.863298640935614,21.76214779147206,22.054859161376953,297500000
2021-09-14,22.17731500306125,22.31172320295667,21.989144662598154,22.144460678100586,199755000
2021-09-15,22.211171283679054,22.268917505986135,21.86967498640837,22.243030548095703,166538000
2021-09-16,22.085719401064107,22.179307037445604,21.83084154501127,22.144460678100586,156033000
2021-09-17,22.202206286674826,22.223114103504372,21.734268077405748,21.8039608001709,294503000
2021-09-20,21.053268680937446,21.33901075751113,20.57139190308022,21.020414352416992,349440000
2021-09-21,21.323081688701794,21.33104602969822,20.858130525552628,21.15283203125,204688000
2021-09-22,21.27230638458267,21.863701476380758,21.103051781941048,21.844785690307617,268726000
2021-09-23,22.042908323767797,22.436176576629713,21.794004654713568,22.38340950012207,248555000
2021-09-24,21.973215656561944,22.051869687132683,21.765132553304515,21.984167098999023,217655000
2021-09-27,21.614801507068698,21.703411944045964,21.231491389545635,21.565021514892578,245215000
2021-09-28,21.120965695812398,21.3250665826315,20.560433133480885,20.60822296142578,343069000
2021-09-29,20.84817209585024,20.924834092595493,20.37724487487281,20.427026748657227,218394000
2021-09-30,20.676926507135207,20.973620032961403,20.59727740414024,20.625154495239258,221009000
2021-10-01,20.659005371326064,20.767526631043445,20.11440324016766,20.65104103088379,240978000
2021-10-04,20.414083578048384,20.451917043098803,19.469245817551954,19.645469665527344,345635000
2021-10-05,19.86251053602597,20.5574494289942,19.76693087317069,20.361312866210938,279282000
2021-10-06,20.031766035969262,20.62913326033317,19.991940541553486,20.609222412109375,297202000
2021-10-07,20.99950202415533,21.22849482345153,20.880029336594305,20.98257827758789,256919000
2021-10-08,21.00846523888015,21.113004324739432,20.683894639844777,20.739648818969727,151258000
2021-10-11,20.48477154135317,20.970630442278978,20.42105112712711,20.604244232177734,163388000
2021-10-12,20.736660050850766,20.964655885876756,20.437976429822484,20.58034896850586,162134000
2021-10-13,20.82626206407274,20.897946804868873,20.622161180445953,20.847169876098633,180652000
2021-10-14,21.194644976644554,21.65959608070997,21.029372578571422,21.650636672973633,243589000
2021-10-15,21.714360334605505,21.834830025581528,21.56701051506873,21.766132354736328,226994000
2021-10-18,21.653622673782255,22.19324560945146,21.54908169662989,22.124547958374023,189494000
2021-10-19,22.178310762287502,22.280859708119866,21.940360443621927,22.192251205444336,161473000
2021-10-20,22.207186839128415,22.334625782730672,21.885603327165416,22.006072998046875,146276000
2021-10-21,22.000095437948342,22.61140310749031,21.986156894632483,22.592485427856445,187590000
2021-10-22,22.72291370384328,23.028566619385316,22.462063524678783,22.626338958740234,249384000
2021-10-25,22.87225673076628,23.252581526641404,22.67014782202449,23.064411163330078,230235000
2021-10-26,23.883803837264775,25.14823509331115,23.819088343329533,24.608610153198242,485898000
2021-10-27,24.366676556372838,24.979974473581777,24.175517185619338,24.34377670288086,245990000
2021-10-28,24.768903437739628,24.840588199418896,24.41546066539416,24.831626892089844,234204000
2021-10-29,24.891363736621464,25.596259159623884,24.89036866878223,25.45488166809082,292503000
2021-11-01,25.536522381847643,25.78044692731383,25.11637208457716,25.713741302490234,265740000
2021-11-02,25.708763518692347,26.561008706984403,25.686858734167405,26.28522300720215,294112000
2021-11-03,26.553046154370787,26.666546557874828,26.119954258485805,26.481361389160156,239910000
2021-11-04,27.109593234066324,31.227455386633288,26.999079939655886,29.67031478881836,1153631000
2021-11-05,30.054618542304095,31.26229841246148,29.28102556401493,29.62152671813965,851260000
2021-11-08,30.016782776306982,30.963612411572573,29.775843481598162,30.66891098022461,503101000
2021-11-09,32.14043594172841,32.16831303240709,29.832600226347303,30.522560119628906,646746000
2021-11-10,29.22726595064239,30.714713791904344,28.65179963773985,29.32981300354004,636206000
2021-11-11,30.33438617562301,30.45585089909229,29.646416499206612,30.25672721862793,332172000
2021-11-12,29.87839450452663,30.54545636540284,29.500059891441172,30.25672721862793,413054000
2021-11-15,30.41801896863416,30.509614574948284,29.11874154072653,29.893329620361328,384909000
2021-11-16,29.628497753453818,30.256729228063044,29.57572877826621,30.07054901123047,264484000
2021-11-17,30.28460666991569,30.375209109979387,28.673702083946914,29.132680892944336,428508000
2021-11-18,32.225063319518526,32.616337669436994,31.183648858814088,31.536096572875977,781711000
2021-11-19,32.10160442864808,32.94290005570085,31.765087317217567,32.84035110473633,533867000
2021-11-22,33.37001612006789,34.49506179185787,31.76010847564054,31.81586265563965,754335000
2021-11-23,31.39670588718342,32.2180886820477,30.744577648273665,31.606781005859375,532163000
2021-11-24,31.323035910804574,32.71092196803006,30.792372310199486,32.53071594238281,435162000
2021-11-26,32.45703857581968,32.56655680344716,31.212522066253175,31.364850997924805,283069000
2021-11-29,32.22406792574834,33.265478577950766,31.895513237231377,33.229637145996094,454964000
2021-11-30,33.02354920307182,33.206744258077826,31.72427335918427,32.532711029052734,622066000
2021-12-01,33.07737399441328,33.14707524856972,31.246211893152907,31.30097770690918,484368000
2021-12-02,31.080914819656297,32.339525492802736,30.892719572617285,31.989025115966797,472890000
2021-12-03,31.86357023241154,31.992021860446783,30.001542011299605,30.562143325805664,544325000
2021-12-06,29.752611029224973,30.11207202986678,27.918465014907625,29.90894317626953,658938000
2021-12-07,30.82501943857468,32.310659060877626,30.520322375117104,32.28874969482422,593053000
2021-12-08,31.862576105811538,32.15233582192908,31.28703933130742,31.6903133392334,475551000
2021-12-09,31.598708004869856,32.067702562935565,30.29827610494739,30.36001205444336,488507000
2021-12-10,31.017194834238797,31.171534691574287,29.733690792322534,30.06925392150879,488825000
2021-12-13,30.12003462160517,30.164842841094565,27.99612729686803,28.040935516357422,598344000
2021-12-14,27.580906118057847,28.55573229210016,27.1338209994663,28.2161865234375,667035000
2021-12-15,28.27891988260038,30.369967183258264,27.71931562363803,30.32914161682129,698297000
2021-12-16,31.01918703981043,31.027152355261656,27.97322876019045,28.265974044799805,707366000
2021-12-17,27.865691608084173,28.798697151084145,27.641650475156073,27.682476043701172,713758000
2021-12-20,27.188591698105373,28.024013613704202,27.029273973350673,27.600826263427734,461847000
2021-12-21,28.25303247287371,28.995852308207283,27.284179231128302,28.9510440826416,524385000
2021-12-22,28.767825605381404,29.428994238441074,28.327708710251994,29.274654388427734,395184000
2021-12-23,29.628139385488993,29.930844139118374,29.305521344818228,29.513629913330078,343022000
2021-12-27,29.533547027159024,30.954463182806666,29.51363183960114,30.813068389892578,403686000
2021-12-28,31.178505155996454,31.196428065606888,29.88404641723083,30.192726135253906,420591000
2021-12-29,30.143940036691394,30.41776726936443,29.240805294787176,29.873098373413086,343139000
2021-12-30,29.699839255631407,30.327154462138402,29.41406405862047,29.459867477416992,308864000
2021-12-31,29.54748750226571,29.901970626455444,29.20594944000827,29.285608291625977,266530000
2022-01-03,29.687889053615017,30.580069009930835,29.658016270092954,29.992584228515625,391547000
2022-01-04,30.14791442477698,30.338100081012925,28.22813495488004,29.165122985839844,527154000
2022-01-05,28.825579893631648,29.290589869699456,27.415618321755158,27.48631477355957,498064000
2022-01-06,27.522158750832368,28.316756884231587,26.94961135088401,28.057865142822266,454186000
2022-01-07,28.02102409273095,28.300826210955492,26.941644095796043,27.130834579467773,409939000
2022-01-10,26.467675485447426,27.351890124020873,25.53466996334042,27.283184051513672,594681000
2022-01-11,27.20651282406831,27.94535000609593,26.724577023199927,27.698406219482422,404089000
2022-01-12,27.94734193759673,28.473090803821655,27.490299148101247,27.8796329498291,383413000
2022-01-13,28.25801429638113,28.35858354582887,26.38503286311263,26.461706161499023,540171000
2022-01-14,26.187875711062546,27.08105283504242,26.098259251810827,26.827138900756836,395832000
2022-01-18,26.14804463261415,26.524433344257982,25.660133902473458,25.792566299438477,424270000
2022-01-19,25.967809303261937,26.429829779331527,24.94518762431059,24.96012306213379,488315000
2022-01-20,25.19612032401024,25.46994751510898,23.97534549383341,24.047039031982422,435181000
2022-01-21,23.40678161092132,24.717171038870582,23.163822382731063,23.274349212646484,718958000
2022-01-24,22.234800479522537,23.280323256927787,20.79894871741768,23.272357940673828,913982000
2022-01-25,22.44987442301741,22.845183070459672,21.906202770713605,22.22882080078125,664616000
2022-01-26,23.140916602745857,23.954432781138927,22.20492373788374,22.674911499023438,755959000
2022-01-27,23.467523671999473,23.89270329457415,21.582592522124454,21.850446701049805,573353000
2022-01-28,21.918155191484143,22.760549101180075,21.20520811526972,22.742626190185547,543774000
2022-01-31,23.083167451846627,24.40451162128033,22.95372251615152,24.381608963012695,564680000
2022-02-01,24.996969904301384,25.037795466622228,23.788145059709638,24.532957077026367,518925000
2022-02-02,25.6840327601272,25.706933518845947,24.448322405650178,25.13438606262207,543419000
2022-02-03,24.353725465820713,24.97008589250318,23.678616565700732,23.84589958190918,410178000
2022-02-04,23.869796077051603,24.529969498879858,23.531245506923437,24.215316772460938,354829000
2022-02-07,24.268090747101677,25.074636814466327,24.098815458966705,24.622573852539062,376868000
2022-02-08,24.255144583805702,25.12243136129767,23.877760740156685,25.000951766967773,410359000
2022-02-09,25.512765352949764,26.61106356618626,25.244913078299707,26.591148376464844,524282000
2022-02-10,25.884175827584478,26.81020934447509,25.490859383243375,25.713903427124023,513200000
2022-02-11,25.80550800141122,26.040501880764474,23.671644989793617,23.846893310546875,605472000
2022-02-14,23.831961302784133,24.768949487290513,23.653723589292724,24.163541793823242,440424000
2022-02-15,24.8426335224846,26.431829912184345,24.67833795995591,26.382043838500977,699869000
2022-02-16,26.147047583163317,26.468670452357063,25.443061093040882,26.397972106933594,732676000
2022-02-17,25.5207287378447,25.675068597680315,24.06197633665846,24.402517318725586,810595000
2022-02-18,24.562831248228793,24.879476296810182,23.001517271399226,23.54120635986328,761255000
2022-02-22,22.936793337243518,23.96140567068865,22.901942706800956,23.290279388427734,633422000
2022-02-23,23.700521640999543,24.052017284731818,22.20592161177353,22.291553497314453,566511000
2022-02-24,20.92540185101815,23.698527839821597,20.800934789045943,23.64674949645996,735801000
2022-02-25,23.619868407786754,24.11375214772827,23.281317813989904,24.05400848388672,528866000
2022-02-28,23.88971413278726,24.559845228253224,23.605929341272788,24.281038284301758,477319000
2022-03-01,24.187436042997348,24.273069823879005,23.03337702743395,23.37690544128418,412056000
2022-03-02,23.658750292293792,24.309076976729223,23.319146643220492,24.120849609375,389642000
2022-03-03,24.16267550692926,24.22641458306048,23.37292261489187,23.616920471191406,365095000
2022-03-04,23.288271806116654,23.583059575930694,22.389963970849855,22.842105865478516,431415000
2022-03-07,22.723594140609173,22.938711412053266,21.24268191605436,21.264591217041016,450821000
2022-03-08,21.22176173243778,22.281404933946632,20.56545925972953,21.425922393798828,557467000
2022-03-09,22.29534871623843,23.124938669540057,22.155922471831474,22.919782638549805,492742000
2022-03-10,22.43876187931811,22.694709732633942,21.792418612832495,22.565242767333984,428066000
2022-03-11,22.927753683517206,23.050251249791206,21.955749323787682,22.00952911376953,367209000
2022-03-14,21.7794765189099,22.170867384126904,21.072383887534045,21.24268341064453,385354000
2022-03-15,21.42990862446335,22.943686459312385,21.23471186606526,22.878952026367188,491996000
2022-03-16,23.403796625061247,24.49630589121448,23.077140259936503,24.395719528198242,671422000
2022-03-17,24.02125655135491,24.740298995053305,23.808131941746627,24.66461181640625,471941000
2022-03-18,24.697479198946194,26.460233740028837,24.52319636276872,26.344707489013672,730719000
2022-03-21,26.398491268211867,27.04085136071084,25.860700893224614,26.624561309814453,591727000
2022-03-22,26.617588642474022,27.12649837424718,25.965271190591476,26.415420532226562,547007000
2022-03-23,26.019048781115384,26.50305932852309,25.47030568855705,25.529064178466797,502120000
2022-03-24,26.05888056620905,28.204061734841595,25.80094009952853,28.034757614135742,877379000
2022-03-25,27.771842231076484,28.241910117249173,27.159360096245305,27.578636169433594,579016000
2022-03-28,27.64237355173041,28.134350707606135,27.094623991150144,28.103477478027344,425494000
2022-03-29,28.577534291228154,28.827506254471757,27.865461052123038,28.538694381713867,488984000
2022-03-30,28.188129711162127,28.379343137774402,27.390408258662607,27.576642990112305,463487000
2022-03-31,27.66826906522798,28.132361016808318,27.15836589385924,27.174299240112305,523440000
2022-04-01,27.262931780225625,27.383436717189806,26.159467926180007,26.602645874023438,517235000
2022-04-04,26.618578935741674,27.445180924520688,26.504049961942552,27.24799156188965,397120000
2022-04-05,27.14242826487716,27.2071627020829,25.714298707379786,25.824844360351562,436615000
2022-04-06,24.831926142575206,25.19642705051053,23.904737678545857,24.307083129882812,703833000
2022-04-07,24.340944116539315,24.620793903525843,23.3818870718976,24.108898162841797,557992000
2022-04-08,23.81909236344926,23.825068318317854,22.967592876759955,23.02435874938965,524781000
2022-04-11,22.12306125571871,22.228626311058377,21.57132836419141,21.8272762298584,575207000
2022-04-12,22.44474005075557,22.63197015423266,21.194876629839,21.41596794128418,662258000
2022-04-13,21.639048625293768,22.407887504997525,21.367165542672698,22.112102508544922,516943000
2022-04-14,22.412867562077835,22.683755302120506,21.076362421603775,21.17097282409668,569097000
2022-04-18,21.113213152266766,21.9975764845038,20.992708207900467,21.69382667541504,525701000
2022-04-19,21.631082424341212,22.28140906472453,21.226744362071575,22.107126235961914,512781000
2022-04-20,22.42482103543778,22.57719456880331,21.11321307776146,21.394058227539062,468974000
2022-04-21,21.620126067181815,22.300330524281193,19.918122835592186,20.100374221801758,656209000
2022-04-22,20.219882348509838,20.402133738806455,19.42017020020564,19.435108184814453,624713000
2022-04-25,19.12339284572606,19.863351272784346,19.01782777863427,19.820528030395508,641566000
2022-04-26,19.637279366940014,19.706992498806468,18.593569308178367,18.71108627319336,653143000
2022-04-27,18.521866304544144,19.088537274074934,18.215128478854176,18.339616775512695,499460000
2022-04-28,18.8893550683818,19.95497647373352,18.41430844686625,19.701019287109375,570327000
2022-04-29,19.32257448999954,20.045602297833724,18.441197185099483,18.4710750579834,500435000
2022-05-02,18.46509770793821,19.493867882415657,18.315712153889976,19.45303726196289,572049000
2022-05-03,19.320580585935083,19.743841875684236,19.0546734235437,19.521753311157227,475751000
2022-05-04,19.84144044981811,20.316487014368857,18.67423744950525,20.250757217407227,648855000
2022-05-05,19.785667939358376,19.843429158431288,18.424263663115507,18.766855239868164,626331000
2022-05-06,18.65929999241693,19.432122333318322,17.916353624000763,18.598548889160156,633297000
2022-05-09,17.960173412210224,18.180267458938104,16.75811385880719,16.880611419677734,644455000
2022-05-10,17.616589087610368,18.12350626622302,16.95530761869603,17.522974014282227,761474000
2022-05-11,17.275983917823066,17.68032194709463,16.500173704044624,16.561918258666992,670167000
2022-05-12,16.152604222388675,16.719275153017346,15.503273835867764,16.108783721923828,708728000
2022-05-13,16.719273249889806,17.854605700388568,16.525071846466627,17.633514404296875,670437000
2022-05-16,17.437324838562272,17.71518203809066,17.035974706114335,17.193326950073242,521446000
2022-05-17,18.000005874511373,18.295790861284107,17.56180856753413,18.102584838867188,585830000
2022-05-18,17.63252027278685,18.043829664901942,16.794963502496497,16.86865997314453,545161000
2022-05-19,16.867663129735934,17.61459275966754,16.665493158414193,17.053897857666016,621310000
2022-05-20,17.26104666528793,17.338726466049714,15.690502001783667,16.62565803527832,739105000
2022-05-23,16.2073844432617,16.84576132902606,16.112773998533783,16.82883071899414,639889000
2022-05-24,16.44241318228326,16.529056923699873,15.715401091996485,16.08786964416504,588550000
2022-05-25,15.954415901019841,17.04094904216001,15.93449732347587,16.905506134033203,781132000
2022-05-26,15.970351364556697,18.017934299435986,15.95640873833212,17.777921676635742,996575000
2022-05-27,18.111552116018746,18.80370666474349,18.02590373672392,18.733993530273438,738379000
2022-05-31,18.902297823512807,19.12139838703036,18.27487779966752,18.59556007385254,664100000
2022-06-01,18.6473501146243,18.97500185230617,18.047813348721185,18.24500274658203,544514000
2022-06-02,18.217119410706687,19.538686849184053,18.12350434729059,19.511796951293945,648656000
2022-06-03,19.003889254062,19.2528658881234,18.446180226094974,18.643369674682617,598779000
2022-06-06,19.060652505586596,19.257841926957315,18.48800556646816,18.709096908569336,422406000
2022-06-07,18.396380279945216,18.92221865575563,18.113542511249516,18.848522186279297,388914000
2022-06-08,18.726002870282798,19.105523955961853,18.4630280486972,18.575590133666992,363252000
2022-06-09,18.40923976956871,18.859484333750544,17.970947743399975,17.977920532226562,395574000
2022-06-10,17.531651364648273,17.628274789966802,16.80348928209256,16.908082962036133,465248000
2022-06-13,15.9378697072585,16.248658440141707,15.54539961251888,15.586240768432617,604153000
2022-06-14,15.669913807719103,16.0036129839423,15.35215229559049,15.774506568908691,469680000
2022-06-15,16.03249841468416,16.80249737716836,15.86415501064633,16.46282196044922,563936000
2022-06-16,15.79841271116568,15.88009502147224,15.341195447240926,15.54041862487793,545749000
2022-06-17,15.58723513693202,15.932887781168011,15.26847807134145,15.818334579467773,630334000
2022-06-21,16.41102650097026,16.94195585735891,16.343289760595702,16.501672744750977,483089000
2022-06-22,16.162992114105894,16.59729988882193,16.117171209417034,16.296472549438477,437135000
2022-06-23,16.454853928901507,16.520597628121397,15.791440668578582,16.161996841430664,463680000
2022-06-24,16.43592735057394,17.073441500432935,16.24666462485629,17.05949592590332,472153000
2022-06-27,17.24477402510874,17.2627037776178,16.561437091028537,16.80349349975586,427968000
2022-06-28,16.834372525159395,17.135199826222774,15.88308111450523,15.919938087463379,461149000
2022-06-29,15.752591579090298,15.758567846845672,15.111092291433094,15.481647491455078,482352000
2022-06-30,15.30135300634882,15.5065534312304,14.804291035604292,15.100137710571289,686070000
2022-07-01,14.84114651381716,15.00450925182416,14.336115253677443,14.466606140136719,577610000
2022-07-05,14.119957517465304,14.912866113839907,14.000423601176369,14.905893325805664,651397000
2022-07-06,14.951715092611343,15.25951523393793,14.731572586051486,15.071249008178711,529066000
2022-07-07,15.395981666093258,15.883082152996206,15.329241452564782,15.796420097351074,492903000
2022-07-08,15.370082202682903,15.974725437074959,15.329241049958439,15.776497840881348,467972000
2022-07-11,15.465709825855997,15.466706345467303,14.97960489954158,15.093162536621094,437321000
2022-07-12,15.20871225038852,15.371079409038126,14.819230753552452,15.02343463897705,458483000
2022-07-13,14.533344477991491,15.315296025509971,14.408829876158077,15.105114936828613,521918000
2022-07-14,15.04933164322953,15.412914028547368,14.670807164690196,15.31230640411377,456235000
2022-07-15,15.598192598861097,15.72071415365687,15.385022914971692,15.70079231262207,385935000
2022-07-18,16.238692777665573,16.831381467725347,15.939858559135285,16.03847312927246,670517000
2022-07-19,16.421983978769592,17.043561498221212,16.109204079525067,16.9260196685791,702366000
2022-07-20,16.881194706038162,17.863366094244768,16.73576172035747,17.73785400390625,760538000
2022-07-21,17.815547810901403,18.07354091727774,17.476867973237123,17.97990608215332,557049000
2022-07-22,17.823517582725398,17.897229633267205,17.07045276387724,17.251747131347656,536671000
2022-07-25,16.952913630167462,17.05750735482923,16.584351419267783,16.957895278930664,480748000
2022-07-26,16.823418108378,16.853302299081996,16.414014765426856,16.468801498413086,397865000
2022-07-27,16.965860804114296,17.86635161594308,16.84732342255859,17.720918655395508,569776000
2022-07-28,17.90520156953599,18.069559869258693,17.372279182649145,17.914165496826172,474646000
2022-07-29,17.743828897049305,18.173155009470385,17.623298471299282,18.092470169067383,435460000
2022-08-01,18.111397333511174,18.772820437934747,17.920143444250357,18.36939239501953,476469000
2022-08-02,18.05163093309131,18.864462341148062,18.021746740904135,18.45406150817871,489527000
2022-08-03,18.113388905855146,18.89434491533446,18.066570532098716,18.81963539123535,418146000
2022-08-04,18.77580669644715,19.199155581116848,18.68715160109545,19.140384674072266,409652000
2022-08-05,18.736958353398986,19.154331957599457,18.593518416599398,18.915264129638672,386068000
2022-08-08,17.43403710855411,18.168174706690454,17.175046511530418,17.723905563354492,981859000
2022-08-09,17.18500716001782,17.379249624350564,16.65905763199982,17.019651412963867,668263000
2022-08-10,17.629275000459376,18.04764413055042,17.24975398460474,18.02672576904297,597422000
2022-08-11,18.06059496674186,18.63435848013521,17.806584108237903,17.87232780456543,509327000
2022-08-12,18.089477114781875,18.64531073415037,17.883280251161185,18.63634490966797,478094000
2022-08-15,18.628377746767622,19.089579103680688,18.540720134854304,18.958091735839844,457666000
2022-08-16,18.846531923284925,19.067669997846224,18.429158316805072,18.80569076538086,451240000
2022-08-17,18.45107316928741,18.615431461944837,18.074540740730857,18.26380157470703,446799000
2022-08-18,18.229934589865376,18.791743657859055,18.11239277422747,18.700101852416992,415447000
2022-08-19,18.33452802598433,18.448085673185464,17.700997988903634,17.779691696166992,441588000
2022-08-22,17.422084130919913,17.4898208696324,16.90011871477872,16.96785545349121,409593000
2022-08-23,16.92302497151342,17.397176298491605,16.90409775324071,17.11427879333496,369986000
2022-08-24,16.94593725189229,17.338408253803493,16.829392914726995,17.155122756958008,522661000
2022-08-25,16.77859545450617,17.877313199109015,16.767638486145792,17.84344482421875,770691000
2022-08-26,17.787658007376972,17.85439727044476,16.173947959014292,16.19685935974121,769127000
2022-08-29,15.957790614919103,16.27455462835807,15.705772821557588,15.739640235900879,496132000
2022-08-30,15.898023253937998,15.97671599783805,15.12304454959439,15.407934188842773,530181000
2022-08-31,15.324260876966457,15.479655236596056,14.900911041431531,15.03538703918457,573710000
2022-09-01,14.153823343963365,14.32415979672276,13.218470483091595,13.882880210876465,1178865000
2022-09-02,14.045244569734505,14.115967997813975,13.538220440474564,13.594003677368164,743157000
2022-09-06,13.677680890653752,13.725494835509304,13.299156360470214,13.412714004516602,535751000
2022-09-07,13.51434705091727,13.788361151575964,13.298125457424504,13.66480541229248,512657000
2022-09-08,13.410720161896329,13.957751553071784,13.321043803751946,13.939815521240234,624873000
2022-09-09,14.106217483223217,14.42208077071564,14.075329495714405,14.335392951965332,486612000
2022-09-12,14.31745676821465,14.49481775493603,14.147069690827237,14.45296859741211,484159000
2022-09-13,13.752490135017588,13.872059562410795,13.052011836426038,13.08389663696289,714956000
2022-09-14,13.206456253054055,13.242327368226784,12.86667985035143,13.08090877532959,588507000
2022-09-15,12.968312751976555,13.185530199582288,12.744119495023593,12.882620811462402,523625000
2022-09-16,12.696288432427938,13.164602600422807,12.571736862767297,13.150652885437012,670751000
2022-09-19,12.965323203760738,13.414705581325622,12.96333052263512,13.333995819091797,569685000
2022-09-20,13.167593283848127,13.434631523585498,13.010160093203796,13.128732681274414,524818000
2022-09-21,13.165603203916465,13.98066875064519,13.06297204241683,13.213430404663086,807679000
2022-09-22,13.0231145909362,13.101831671038127,12.383418345633107,12.51594066619873,759162000
2022-09-23,12.375448310956983,12.565763159913388,12.213032901606326,12.47110366821289,663309000
2022-09-26,12.44619443896498,12.613592036444986,12.170187623758139,12.184137344360352,547343000
2022-09-27,12.462135725855696,12.690314364148412,12.21402932430884,12.368473052978516,553854000
2022-09-28,12.365483486484552,12.777002105621296,12.309684609382174,12.690314292907715,542414000
2022-09-29,12.403345461298121,12.455158968218063,11.903146421572972,12.176163673400879,532763000
2022-09-30,12.043640707800058,12.58768254393533,12.031683671272111,12.095454216003418,565638000
2022-10-03,12.3027092319889,12.632522202880898,12.061576751367282,12.467117309570312,547478000
2022-10-04,12.832802061086015,13.172579431107973,12.832802061086015,13.119769096374512,584182000
2022-10-05,12.864684062084223,13.273213099308617,12.575724429638687,13.161614418029785,507131000
2022-10-06,13.172577350446693,13.607013197671234,13.055996476257599,13.082900047302246,644157000
2022-10-07,12.460142467451544,12.624550545260242,11.978875271525471,12.032681465148926,672478000
2022-10-10,11.993821701559334,12.080509516858074,11.367078280478221,11.628138542175293,698699000
2022-10-11,11.519529376884742,11.803506900585397,11.242526713057343,11.544440269470215,667482000
2022-10-12,11.53746687130637,11.692906489567141,11.304306018534946,11.458749771118164,492590000
2022-10-13,10.931641891590683,12.03467094289371,10.774208715042423,11.917094230651855,850103000
2022-10-14,12.013749105457423,12.067555297007958,11.163809311742797,11.186726570129395,713432000
2022-10-17,11.476682407821523,11.905140220648137,11.47568654235639,11.845355033874512,580774000
2022-10-18,12.29972073933894,12.447189613338601,11.576325138914761,11.924073219299316,659362000
2022-10-19,11.836388541745388,12.30569968628764,11.791549885257231,12.007771492004395,523131000
2022-10-20,12.069550194346302,12.723197238005833,12.061578518105204,12.150259971618652,652398000
2022-10-21,12.054602792053803,12.453168520670618,11.844360180299446,12.421282768249512,609494000
2022-10-24,12.463132178101741,12.664407237339118,12.020724633774568,12.553805351257324,517457000
2022-10-25,12.64846488467942,13.252291014913888,12.618571815177777,13.213430404663086,505482000
2022-10-26,12.82283740595862,13.339974778311161,12.662414686166759,12.849740028381348,532953000
2022-10-27,13.58110449439647,13.788358507447875,13.074926497155785,13.128732681274414,583113000
2022-10-28,13.056991546346323,13.800315677219698,13.014145581643827,13.784372329711914,521040000
2022-10-31,13.728575742782882,13.788360930226967,13.24930122851385,13.448583602905273,486341000
2022-11-01,13.761458357625319,13.875049746891053,13.470505974860513,13.494420051574707,432817000
2022-11-02,13.800318290781895,14.159026573083835,13.163610543300285,13.171581268310547,672628000
2022-11-03,12.996213708431235,13.73156634689156,12.90952589233768,13.372857093811035,500065000
2022-11-04,13.935828645472183,14.177956971752689,13.647864854214127,14.105218887329102,612576000
2022-11-07,14.1769615012651,14.360301478064772,13.903945167549931,14.249699592590332,410061000
2022-11-08,14.747906191962752,14.837583500238217,14.165004638425565,14.549620628356934,595292000
2022-11-09,14.111197542274558,14.160022506058544,13.70964331218987,13.726582527160645,454414000
2022-11-10,14.746911302518129,15.716420641158038,14.49481857705905,15.693503379821777,700819000
2022-11-11,15.750298418180774,16.33021048888852,15.426464425019901,16.2684326171875,655487000
2022-11-14,16.159822116780518,16.480667518589406,15.864883468839679,16.23654556274414,527852000
2022-11-15,16.66201530534491,16.93702431634431,16.323234794348377,16.606216430664062,545876000
2022-11-16,16.104024034799696,16.30330545087524,15.816060231495598,15.852927207946777,649547000
2022-11-17,15.658627572163233,16.20765162732223,15.47927296101109,15.620763778686523,710894000
2022-11-18,15.9087246033764,15.944596661314206,15.065759749433711,15.353723526000977,492072000
2022-11-21,15.092665143329405,15.421481294578124,15.025905097362354,15.262055397033691,404739000
2022-11-22,15.273016528487188,16.0003984171812,15.067755150531777,15.980469703674316,472866000
2022-11-23,16.040252289045704,16.467714217291594,15.990432410924427,16.459741592407227,427241000
2022-11-25,16.259465648152826,16.427858142364496,16.11398946353445,16.211637496948242,167934000
2022-11-28,15.968511085101463,16.29832500895063,15.668592130839407,15.770225524902344,303741000
2022-11-29,15.770226349121932,15.874850195864996,15.464328384954916,15.582901000976562,298384000
2022-11-30,15.644695832221814,16.873588125710516,15.545029610898084,16.86661148071289,565298000
2022-12-01,16.942355347832123,17.20746780911725,16.57956797350174,17.07790184020996,470977000
2022-12-02,16.60348347475057,16.876570523827933,16.390195940502668,16.819759368896484,371389000
2022-12-05,16.62342540619123,16.938372459706628,16.41711441283726,16.554655075073242,352255000
2022-12-06,16.474918055552177,16.51777403742583,15.766286867339783,15.933727264404297,352694000
2022-12-07,15.719443294997907,16.132064232758374,15.614792692114394,16.0662841796875,372388000
2022-12-08,16.218777273371813,17.121758517727503,15.905822476444317,17.111791610717773,515456000
2022-12-09,17.102819869864998,17.5244106979877,16.918436852955416,16.94434928894043,465338000
2022-12-12,16.980232212594135,17.47956229907445,16.74103213701686,17.476572036743164,457328000
2022-12-13,18.469249909930564,18.72738762856205,17.651982672461422,18.01177978515625,656589000
2022-12-14,17.927065273167447,18.19118356291585,17.361955128916474,17.615108489990234,496888000
2022-12-15,17.088863487866476,17.262283446585172,16.64435056625301,16.895509719848633,478542000
2022-12-16,16.80780430040909,16.98421452775994,16.355316696171542,16.515779495239258,478232000
2022-12-19,16.51677591008969,16.553651364106894,16.09119880078537,16.1998348236084,354039000
2022-12-20,16.01047455766742,16.255655184218554,15.799181990346474,16.031404495239258,403260000
2022-12-21,16.060302979691098,16.571593975514052,16.04834193364069,16.446012496948242,325025000
2022-12-22,16.040368896112454,16.084222895893255,14.832407820265537,15.287884712219238,565045000
2022-12-23,15.145360892853512,15.28788400934768,14.833404208941626,15.155327796936035,349326000
2022-12-27,15.023769443130346,15.049682826445732,14.009161111934528,14.073945045471191,464902000
2022-12-28,13.880591262742838,14.214474984092547,13.837734330636081,13.989228248596191,351066000
2022-12-29,14.354007099256958,14.634069879246574,14.179590080394261,14.554336547851562,354923000
2022-12-30,14.286235193865508,14.580252256779966,14.185571918188986,14.565302848815918,310490000
2023-01-03,14.801513863050983,14.94603115548883,14.049029532918041,14.26729965209961,401277000
2023-01-04,14.518457369356272,14.803503604418882,14.193543517673458,14.699850082397461,431324000
2023-01-05,14.442713107430109,14.515469810414057,14.100855645137985,14.217466354370117,389168000
2023-01-06,14.425769075047109,14.959983243102146,13.987235680701085,14.809486389160156,405044000
2023-01-09,15.233071281819589,16.00249819636459,15.09054718354253,15.57592487335205,504231000
2023-01-10,15.455325759984621,15.908809480593666,15.42044254309106,15.855986595153809,384101000
2023-01-11,15.787214829354719,15.974588063145106,15.511137480198716,15.947677612304688,353285000
2023-01-12,16.046352430023713,16.581561807242853,15.440377637088012,16.455982208251953,551409000
2023-01-13,16.22375851425544,16.865613588598475,16.11113608569389,16.842689514160156,447287000
2023-01-17,16.842691082523842,17.66892924665794,16.842691082523842,17.643014907836914,511102000
2023-01-18,17.60812825910423,17.81344118394388,17.224410962438323,17.319095611572266,439624000
2023-01-19,16.979228061683155,17.139692742246442,16.67524604897352,16.709131240844727,452932000
2023-01-20,16.954316196674295,17.796501732635843,16.76893705940326,17.779558181762695,564967000
2023-01-23,18.00380415598392,19.180870344101777,17.75862551866824,19.129043579101562,655163000
2023-01-24,18.76426355229002,19.430038785893963,18.757286908397305,19.200803756713867,496204000
2023-01-25,18.84997990374146,19.30545785930098,18.518089313986763,19.25861358642578,449537000
2023-01-26,19.63535204186898,20.09880270917431,19.213761238604867,19.73601531982422,489535000
2023-01-27,19.39714737022937,20.559262315315294,19.34033810009434,20.297138214111328,542142000
2023-01-30,19.883522650362398,20.07288815679004,19.086187298640233,19.098148345947266,488611000
2023-01-31,19.10612138016746,19.621398819093155,18.886855153366426,19.471899032592773,498017000
2023-02-01,19.625385818373413,21.121383652696668,19.54565246966647,20.873214721679688,660477000
2023-02-02,20.93002440394146,21.87586158032404,20.631024815710933,21.636661529541016,564276000
2023-02-03,20.93002263417135,21.672540940249053,20.71972529905481,21.02968978881836,429366000
2023-02-06,20.736664676346177,21.498118619101376,20.71673086922874,21.018722534179688,452197000
2023-02-07,21.310748940899305,22.184827328430092,21.079521682438997,22.09911346435547,664150000
2023-02-08,22.312398971746344,22.80176393868283,21.934662201742093,22.131006240844727,559651000
2023-02-09,22.530668289120996,22.94328822764602,22.046287782724328,22.262563705444336,523876000
2023-02-10,21.6177244226343,22.00443010232316,20.74165374341449,21.19413948059082,550737000
2023-02-13,21.466228060003054,21.974528792175906,20.892147277807663,21.715394973754883,474919000
2023-02-14,21.506093473695493,22.972192242637163,21.294800040276197,22.894453048706055,675474000
2023-02-15,22.473860964718224,22.778841054015846,22.032338260019806,22.68814468383789,420575000
2023-02-16,22.059246323523663,22.474856585066412,21.853933394359046,21.92868423461914,412026000
2023-02-17,21.558916936890704,21.667552957905706,20.90510286763505,21.316726684570312,465888000
2023-02-21,20.930021777294268,21.422375105842487,20.549294744904135,20.586172103881836,410015000
2023-02-22,20.6380006960692,21.03367717070481,20.3529525061691,20.684843063354492,513184000
2023-02-23,23.361893340475753,23.808400461151948,22.94827529850247,23.585145950317383,1117995000
2023-02-24,23.14760888799269,23.395779705379205,22.870535374988126,23.208404541015625,589716000
2023-02-27,23.59112115652379,23.80042043107323,23.375841359560795,23.422683715820312,452994000
2023-02-28,23.294115924763044,23.74560738657694,23.128668730813548,23.138635635375977,455963000
2023-03-01,23.114717384744207,23.1785051990992,22.43299664359423,22.622364044189453,460026000
2023-03-02,22.413063250752206,23.302089102000206,22.35724820401247,23.236309051513672,389415000
2023-03-03,23.242293917748235,23.82036119371135,23.052926494296837,23.810394287109375,412393000
2023-03-06,23.81139038959998,24.167199231552658,23.408735379499408,23.475513458251953,437429000
2023-03-07,23.52535169548433,24.04869069829288,23.16748608515548,23.214338302612305,515154000
2023-03-08,23.412708106815042,24.123454073591056,23.34990765503741,24.10451316833496,513573000
2023-03-09,24.098530680368395,24.376649400404656,23.30903605829536,23.36186981201172,501257000
2023-03-10,23.334954591781766,23.552265439254963,22.65411444951107,22.892358779907227,474866000
2023-03-13,22.680030644711543,23.224303041146445,22.226469997463255,22.893352508544922,421890000
2023-03-14,23.421679134384615,24.142391757741457,23.385791805819586,23.98688507080078,474910000
2023-03-15,23.685843355775486,24.209182394285897,23.286112651373358,24.1513671875,524486000
2023-03-16,23.95100163776788,25.507063024700976,23.818421001130595,25.46021270751953,583253000
2023-03-17,25.89981804779798,26.3154988744337,25.58681016478867,25.643630981445312,848547000
2023-03-20,25.533978703666488,25.94168541899632,25.050512165831673,25.818077087402344,432747000
2023-03-21,26.097193730071265,26.30852307379936,25.300721156644958,26.116132736206055,547408000
2023-03-22,26.34141790205971,27.50173767157012,26.154012813178745,26.3842830657959,797295000
2023-03-23,27.02923780216144,27.412024025202122,26.60558279418749,27.104997634887695,564889000
2023-03-24,26.945503450093092,27.081072974576987,26.27164098570789,26.694299697875977,454920000
2023-03-27,26.752114397420495,26.91459893449874,26.28160721288135,26.44708251953125,361026000
2023-03-28,26.363351140587802,26.42914237361527,25.768239273478084,26.326467514038086,356104000
2023-03-29,26.740153636460196,26.99235175803325,26.51287415863534,26.898649215698242,393694000
2023-03-30,27.14287259493359,27.412019019738466,27.01627349989387,27.296384811401367,364516000
2023-03-31,27.054156013485166,27.74596114615361,27.019266870020537,27.68914222717285,433933000
2023-04-03,27.421989811329777,27.911436002639256,27.249536675681906,27.87654685974121,398716000
2023-04-04,27.87753914069043,27.91143198929389,27.220623256611656,27.366161346435547,368592000
2023-04-05,26.744141067760594,26.91260524763218,26.31151378285065,26.795976638793945,515015000
2023-04-06,26.499912714821207,26.99434412357807,26.34340972671135,26.951480865478516,397654000
2023-04-10,26.738160454997114,27.53363676470612,26.584648216789198,27.491769790649414,395279000
2023-04-11,27.636311817588748,27.70210304890554,27.040201775147455,27.083066940307617,314378000
2023-04-12,27.283432024560906,27.381121633610334,26.364347344202034,26.41119956970215,446259000
2023-04-13,26.649439996093154,26.801955937603214,26.245722222126854,26.379297256469727,353615000
2023-04-14,26.420164544474495,26.797965435367647,26.137062473302613,26.67336082458496,395660000
2023-04-17,26.480973631209377,26.920578703015185,26.34939118660513,26.91659164428711,321471000
2023-04-18,27.445911825397904,28.021086392851622,27.270467934497674,27.579486846923828,604812000
2023-04-19,27.274458372050166,27.91143718116391,27.145866682608375,27.842655181884766,358660000
2023-04-20,27.583478463404116,27.941344132346945,26.91460125196495,27.018272399902344,427713000
2023-04-21,26.866750601318966,27.09702084669948,26.637478546679382,27.033222198486328,345103000
2023-04-24,26.92755907031357,27.27944127802104,26.586639849155418,26.956466674804688,339282000
2023-04-25,26.99235347251706,27.160819562060055,26.14205270882257,26.158000946044922,378527000
2023-04-26,26.916593006788613,27.243554654828017,26.620531540784825,26.870737075805664,406337000
2023-04-27,27.276448822954162,27.4080312626638,26.54078232749637,27.139881134033203,377161000
2023-04-28,27.13889108167587,27.67020431051468,26.98537693252425,27.66123390197754,292216000
2023-05-01,27.751946118785327,28.966094165511826,27.692136422777327,28.818561553955078,570329000
2023-05-02,28.589287963225,28.74479468571271,27.994176100521553,28.120773315429688,402730000
2023-05-03,27.751937828826723,28.277271270369077,27.38510184060993,27.71405792236328,383387000
2023-05-04,27.563538380203276,27.77088065437449,27.153839081492926,27.474821090698242,321850000
2023-05-05,27.737984173927828,28.66404461724112,27.643285351598674,28.589282989501953,361494000
2023-05-08,28.431785713240817,29.127577928802488,28.260330759673817,29.058795928955078,344979000
2023-05-09,28.807590591905967,28.881355931475877,28.360011403786928,28.480627059936523,314869000
2023-05-10,28.913261440397022,29.020921558936134,28.37098329457941,28.793642044067383,369350000
2023-05-11,28.80460099601504,28.858431044188475,28.15665734572962,28.487606048583984,322149000
2023-05-12,28.438761858901234,28.688969297483915,27.957289789783168,28.2503604888916,274222000
2023-05-15,28.417829411901007,28.877371722844355,28.062956433881705,28.861421585083008,293926000
2023-05-16,28.74977851008436,29.775525121763952,28.74080810173077,29.120601654052734,449405000
2023-05-17,29.49042519794485,30.103479719693794,29.336912970483333,30.08254623413086,432535000
2023-05-18,30.313810002939846,31.727323998249158,30.224094529757522,31.57779884338379,748725000
2023-05-19,31.436248639784157,31.48011008821705,30.818210809592202,31.165109634399414,473908000
2023-05-22,30.803260867315778,31.420304387689416,30.582961110509476,31.077392578125,372000000
2023-05-23,30.901946256374558,31.189035411939713,30.534113929383956,30.590932846069336,356253000
2023-05-24,30.114446491845936,30.510192064798854,29.71172499125114,30.441410064697266,721419000
2023-05-25,38.401152701662475,39.35512649385782,36.519123854187846,37.85987091064453,1543911000
2023-05-26,37.77015525878446,39.04610546738504,37.431230509295986,38.82281494140625,714397000
2023-05-30,40.46659728547173,41.80534782144874,39.822640705708025,39.984127044677734,923401000
2023-05-31,39.3631083547557,40.167555225806275,37.70237712862638,37.71434020996094,1002580000
2023-06-01,38.36724941232974,39.92331245412413,38.21872246545579,39.64419937133789,635873000
2023-06-02,39.970174994520356,40.37190020075976,38.934459847678006,39.20261001586914,482731000
2023-06-05,38.78593155134608,39.439854864368684,38.58457081030142,39.04710388183594,396094000
2023-06-06,38.707187926911864,39.03614220536465,38.02734198652988,38.531742095947266,388729000
2023-06-07,38.79592485025507,39.37813750275476,37.2416933197928,37.360328674316406,511998000
2023-06-08,37.60856808894223,38.745079216522015,37.39024024122493,38.39216232299805,417772000
2023-06-09,38.917552324899084,39.58948978920315,38.44899302917782,38.651371002197266,427717000
2023-06-12,39.08006355113138,39.40905189807008,38.499843521356404,39.36119842529297,388701000
2023-06-13,40.06303253313572,40.97523356570902,39.61839813533891,40.8964729309082,613208000
2023-06-14,40.69909255346784,42.86843336137479,40.42792162483218,42.86544418334961,740465000
2023-06-15,42.47165262178882,43.15655089419858,42.018042951563174,42.52249526977539,568622000
2023-06-16,43.317050916384595,43.587221609742976,42.53046366608263,42.561370849609375,655709000
2023-06-20,42.86643864335991,43.85540396507537,42.543428689005886,43.67395782470703,451153000
2023-06-21,43.367894115226505,43.481547516431846,41.95124449603973,42.91328811645508,551603000
2023-06-22,42.12370778383283,43.293118838626924,42.10476872123709,42.893348693847656,417737000
2023-06-23,42.33407006327904,42.678011851996246,41.886442597723466,42.07984924316406,358140000
2023-06-26,42.3310813979573,42.633155713936866,39.97730524543673,40.5076789855957,594322000
2023-06-27,40.674163315350505,41.81167093605906,40.3242393713419,41.747867584228516,462175000
2023-06-28,40.53558567810239,41.716961105450416,40.39402188289312,40.991188049316406,582639000
2023-06-29,41.430842057083,41.4727133655292,40.475773103828736,40.69709396362305,380514000
2023-06-30,41.55247453077657,42.41981157958306,41.37402135436548,42.172569274902344,501148000
2023-07-03,42.38689642071777,42.76673107922371,42.072861688736154,42.2832145690918,198209000
2023-07-05,42.00606914984757,43.04488054432272,41.95622290579701,42.18751525878906,323618000
2023-07-06,41.71596810959315,42.04994216880029,41.21949078738844,41.97417449951172,303582000
2023-07-07,42.19249796154775,43.08177063947781,42.05093416959679,42.37294387817383,355881000
2023-07-10,42.52647545344216,42.680003559932054,41.521556604913506,42.050933837890625,353908000
2023-07-11,42.35100950902143,42.6271623304336,41.938278668558176,42.27524185180664,298244000
2023-07-12,42.90132541025079,43.80056583036438,42.64610822063504,43.76766586303711,481277000
2023-07-13,44.381783639889846,46.01377191487625,44.35586222212897,45.83631896972656,478204000
2023-07-14,46.44046575236375,47.94086182574558,44.92212700668265,45.32987594604492,772075000
2023-07-17,46.147361621458764,46.353725148743315,45.123503715655524,46.31883239746094,510488000
2023-07-18,46.55809446661066,47.74943744480596,45.59405444397255,47.34866714477539,569164000
2023-07-19,47.31876592185892,47.67168281088611,46.59897504315981,46.93294906616211,427502000
2023-07-20,46.36470161642384,46.942928804835816,44.92412321467116,45.38072204589844,537865000
2023-07-21,45.647898491989125,45.72566275241697,43.96506361938245,44.173423767089844,963769000
2023-07-24,44.59413357267698,44.970979149441135,43.9052497727291,44.47549819946289,382516000
2023-07-25,44.80349329728166,46.04168985274926,44.78554682129327,45.53923416137695,348081000
2023-07-26,45.88017875854229,45.91208233149028,44.49343628066657,45.31291961669922,364237000
2023-07-27,46.37666127130996,47.249980321992574,45.610013268331116,45.75955581665039,455976000
2023-07-28,46.525202843607126,46.883105518604516,46.23908226392985,46.60695266723633,331194000
2023-07-31,46.61094263427025,46.98579159307672,46.363700375175576,46.58601760864258,251055000
2023-08-01,46.31783562150429,46.75649169459333,45.88616190163857,46.36469268798828,237858000
2023-08-02,45.69076177542876,45.699733110392835,43.254239992985966,44.133541107177734,530142000
2023-08-03,43.66598317678985,44.97995124703114,43.66598317678985,44.3787956237793,324176000
2023-08-04,44.84734857341807,45.50233587133729,44.25716100939372,44.54328155517578,362666000
2023-08-07,44.97297453243762,45.400662778704984,44.42665090610347,45.278038024902344,322154000
2023-08-08,44.71575315581905,45.10356277836036,43.92119104559553,44.5273323059082,353843000
2023-08-09,44.13852436844698,44.17641010034291,42.00507315736143,42.423789978027344,586449000
2023-08-10,42.03100157577808,43.44067657606507,41.70699522784932,42.258304595947266,492705000
2023-08-11,41.62325415005366,41.88943931090986,40.51465701705144,40.72999572753906,533085000
2023-08-14,40.362112664912736,43.665970984146874,40.18764892653742,43.61911392211914,690286000
2023-08-15,44.42365526404346,45.12948908567366,43.576253839259216,43.80554962158203,676512000
2023-08-16,44.38377612065419,44.53830062758481,43.27318256792619,43.35293960571289,527451000
2023-08-17,43.83545631480397,43.927173858554056,42.86941961752367,43.21137237548828,452395000
2023-08-18,42.504541812711565,43.44465716941068,41.53252668330837,43.16651153564453,583768000
2023-08-21,44.35785535241688,46.920987674468684,44.08668826541733,46.82328796386719,692573000
2023-08-22,47.98770953500303,48.03955236680591,45.194285260085415,45.52825927734375,755293000
2023-08-23,45.72566082679112,47.05557870269102,45.06967322504148,46.97183609008789,779046000
2023-08-24,50.06234798957418,50.11219423827407,47.014702631702306,47.0186882019043,1156044000
2023-08-25,46.86814754737519,47.658720291728024,44.8862279220612,45.87718963623047,925341000
2023-08-28,46.33977183033874,46.836249134555814,44.750651224061855,46.69169235229492,685192000
2023-08-29,46.5232082617889,48.93081957760332,46.249048206065815,48.634727478027344,701397000
2023-08-30,48.89393791220456,49.77423560314373,48.276832394862886,49.11326599121094,735206000
2023-08-31,49.22890833319217,49.5917929853516,48.80819868484659,49.203983306884766,528570000
2023-09-01,49.609737178375475,49.64761910935292,47.99469138418687,48.36056900024414,463830000
2023-09-05,48.075449679419506,48.701530322132584,47.7135613998585,48.39945602416992,382653000
2023-09-06,48.296763704126214,48.404440023302,46.441304966889476,46.92087173461914,468670000
2023-09-07,45.38944205496558,46.206003567946354,45.01755163903208,46.103309631347656,433330000
2023-09-08,45.805199355822154,46.46721981309031,45.13619596961709,45.43629837036133,473069000
2023-09-11,46.010585175997676,46.025539902373815,44.180053643461356,45.04347610473633,473966000
2023-09-12,44.60478224808882,45.536999459957386,44.39839790348207,44.73638916015625,349256000
2023-09-13,44.46718918081737,45.79323054977972,44.37047790444444,45.34955596923828,398355000
2023-09-14,45.813171215808374,45.85005979000756,44.99660978408658,45.44527053833008,370097000
2023-09-15,45.20598272428771,45.46321387121769,43.67754676368698,43.7692756652832,506831000
2023-09-18,42.62070760166484,44.110258303658966,41.874933874444345,43.835079193115234,500271000
2023-09-19,43.7024829281991,43.835086328947064,42.87395603803026,43.39041519165039,373064000
2023-09-20,43.470171462670386,43.7722706240914,42.09727282869751,42.113224029541016,367108000
2023-09-21,41.45917965283468,41.97463849257789,40.85797455001659,40.89486312866211,450736000
2023-09-22,41.448214198146616,41.989600439472675,41.10822995213603,41.48610305786133,479236000
2023-09-25,41.46714998847042,42.409335664653405,41.05438133655343,42.09627151489258,419091000
2023-09-26,41.875929814501234,42.69249125804407,41.53095945617028,41.786197662353516,402282000
2023-09-27,42.20395553022343,42.744341431006085,41.50504268914909,42.3415412902832,444935000
2023-09-28,42.33357225596652,43.31663645116769,41.98960209746007,42.96070098876953,424663000
2023-09-29,43.696491084144924,44.01254845640997,43.17803909015806,43.369468688964844,397830000
2023-10-02,43.89888769595612,45.04047860898654,43.73039221652358,44.648651123046875,433298000
2023-10-03,44.67457296774722,44.995616545503985,43.11722389309479,43.38741683959961,470850000
2023-10-04,43.61174925416727,44.011556163058,43.16308846642664,43.90985870361328,361821000
2023-10-05,43.91883845583397,44.766309826010406,43.75732206534788,44.55493927001953,393483000
2023-10-06,44.061407980133865,45.65265626506475,43.89490543600504,45.625736236572266,434436000
2023-10-09,44.70847483791379,45.46920337034592,44.235887222293606,45.13819122314453,409675000
2023-10-10,45.17507908955567,46.12125070086953,44.95374003044169,45.661624908447266,368582000
2023-10-11,46.05844552419568,46.7194733776131,45.912880346385045,46.666629791259766,378137000
2023-10-12,46.637711102575786,47.4672343606174,46.19204354796514,46.80521011352539,481325000
2023-10-13,46.82016325151491,46.97570075879303,45.14516559213605,45.325626373291016,474115000
2023-10-16,44.92881235422657,46.0873509348349,44.778261024252274,45.957740783691406,375099000
2023-10-17,43.86898271179327,44.620739164515385,42.35350830716708,43.807167053222656,812333000
2023-10-18,42.464174898094846,43.090307040885016,41.700456999229225,42.070350646972656,627294000
2023-10-19,42.68352817211386,43.168081135080946,41.75729348052896,41.975643157958984,501233000
2023-10-20,41.76526014616155,42.34353485879464,40.955677830477995,41.26375961303711,477266000
2023-10-23,41.10623136446677,43.11922033673946,40.82307664352765,42.84703063964844,478530000
2023-10-24,42.94872451539136,43.566877207845934,42.563876171456435,43.53297805786133,401463000
2023-10-25,43.26877302407248,43.52002535417708,41.43126239759443,41.65459442138672,398379000
2023-10-26,41.7283746394427,42.13017450154096,39.7612500826686,40.2059211730957,541001000
2023-10-27,41.00752338515214,41.08329728392404,39.89584197944323,40.379398345947266,416784000
2023-10-30,40.96465972958588,41.64163496442114,40.36046137678986,41.03843688964844,388028000
2023-10-31,40.32955772912268,40.757281200093225,39.11318915725788,40.658573150634766,517969000
2023-11-01,40.762263418347544,42.2548076213784,40.74730869060931,42.198974609375,437593000
2023-11-02,43.19898202777144,43.75332619208585,42.76627622905822,43.3764533996582,409172000
2023-11-03,43.888919424366684,45.174078747791896,43.59280293696078,44.87098693847656,424610000
2023-11-06,45.15015318659169,45.798219181155844,44.765301009531704,45.61476516723633,400733000
2023-11-07,45.582863690228386,46.080374555632474,45.02353336587058,45.81816101074219,343165000
2023-11-08,45.96272659241924,46.72744479735544,45.83111967900613,46.43531799316406,346719000
2023-11-09,47.32565472798377,48.08638320008785,46.610790709948866,46.81019592285156,540496000
2023-11-10,47.35855787314543,48.32766364227746,47.14220498356334,48.191070556640625,421245000
2023-11-13,48.1761176095815,48.969748796661186,47.95577501016581,48.475223541259766,384136000
2023-11-14,49.53206353654858,49.68560428700353,48.89396993275051,49.50813293457031,416954000
2023-11-15,49.78631497714017,49.811238255169,48.056480502384446,48.742431640625,475497000
2023-11-16,48.53404340494231,49.37752483605111,48.1860836388323,49.33265686035156,339756000
2023-11-17,49.376539611283306,49.5689657411974,48.86108069253804,49.151214599609375,325205000
2023-11-20,49.16515859327281,50.39747808312561,49.034548168899995,50.25889205932617,414120000
2023-11-21,49.976737718443786,50.3665722694878,49.075430256470796,49.79528045654297,565747000
2023-11-22,49.70355312493224,50.18511275994757,47.54798851961098,48.5709342956543,899420000
2023-11-24,48.32567707703601,48.7753343936509,47.6028335530589,47.63374328613281,294645000
2023-11-27,47.65766532815117,48.38549115302334,47.51010721393193,48.098350524902344,395662000
2023-11-28,48.09236545909725,48.17910819028839,47.33163699319086,47.6786003112793,401491000
2023-11-29,48.23494506927642,48.616804044774916,47.71748947427739,47.99665451049805,382005000
2023-11-30,47.88099726514556,47.96674352591701,46.28377015509841,46.630733489990234,526247000
2023-12-01,46.38646445632827,47.05945375436282,46.04946966832762,46.62574768066406,369317000
2023-12-04,45.93979415914972,45.93979415914972,44.87597007312704,45.374481201171875,437543000
2023-12-05,45.33459997495961,46.46532151700449,45.140163841646064,46.43142318725586,371718000
2023-12-06,47.078552351958834,47.25005616734263,45.28076148665041,45.371498107910156,380590000
2023-12-07,45.56792383673814,46.49423979899288,45.47220061553475,46.461334228515625,350823000
2023-12-08,46.46033554439932,47.603023362522045,46.41546362240292,47.36870193481445,359224000
2023-12-11,47.35374994188855,47.39363144924944,45.69755100849952,46.492244720458984,509728000
2023-12-12,45.91292392475919,47.5282408991093,45.91292392475919,47.51926803588867,372387000
2023-12-13,47.49135110162281,48.45356234904266,47.47041188410191,47.94902420043945,447792000
2023-12-14,48.25015142544688,48.52934100326086,47.28495045380948,48.21026611328125,391232000
2023-12-15,48.054722876785625,49.26122514658979,47.98093542326529,48.74871063232422,479948000
2023-12-18,49.25722853202736,50.2872401555101,49.007951067399034,49.93227005004883,412587000
2023-12-19,49.281156065075976,49.556359352120325,48.75368563402241,49.460636138916016,464444000
2023-12-20,49.511490749608875,49.85449831929735,47.95899143016388,47.971954345703125,397894000
2023-12-21,48.66993565248791,48.953115280045736,48.27906644393615,48.848419189453125,300425000
2023-12-22,49.05281623744541,49.24027260571634,48.32691966505345,48.688873291015625,252507000
2023-12-26,48.82647560877794,49.456649028909844,48.81849930781512,49.13657760620117,244200000
2023-12-27,49.36791146455285,49.53642176515991,48.943140137976336,49.2741813659668,233648000
2023-12-28,49.49953204501984,49.73983287122963,49.26919684127221,49.37887954711914,246587000
2023-12-29,49.66903891502132,49.85250906748791,48.61010784761711,49.37887954711914,389293000
2024-01-02,49.10167999879026,49.15253129584884,47.457447488056715,48.02878952026367,411254000
2024-01-03,47.34776169269325,48.044738980527136,47.183237655059315,47.4315185546875,320896000
2024-01-04,47.62894825426151,48.35983153595327,47.3706979086473,47.859283447265625,306535000
2024-01-05,48.3219454810566,49.4038088927802,48.16639428593929,48.955108642578125,415039000
2024-01-08,49.36891016503661,52.1239255155236,49.336004592518634,52.101985931396484,642510000
2024-01-09,52.24956080282397,54.16800018278708,51.54061326714163,52.98642349243164,773100000
2024-01-10,53.46104467716742,54.44219815586451,53.33440901365928,54.19292068481445,533796000
2024-01-11,54.84004936433209,55.186046630349715,53.40520900250216,54.66355895996094,596759000
2024-01-12,54.46214745952533,54.811138243808735,54.172988448593486,54.55188751220703,352994000
2024-01-16,54.8589987377964,56.670745116790805,54.74133972907017,56.21905517578125,449580000
2024-01-17,56.18415552246115,56.3077977062965,54.581801354818275,55.89100646972656,474394000
2024-01-18,57.09452091474022,57.43353849056932,55.944853126147336,56.94196319580078,491650000
2024-01-19,57.82140334356974,59.32803795704181,57.05961145486245,59.31906509399414,543501000
2024-01-22,59.87545679775879,60.15664330232137,58.89928603895681,59.481597900390625,452955000
2024-01-23,59.39784070948938,59.736858252012084,58.41568677878363,59.69996643066406,294654000
2024-01-24,60.12972084943654,62.66736391279241,59.76477747230483,61.184661865234375,560271000
2024-01-25,62.16981007828854,62.537746973006996,60.67414500371538,61.43893051147461,482777000
2024-01-26,60.78382411519858,61.60444749366959,60.39794531790314,60.854618072509766,390309000
2024-01-29,61.05503888144962,62.308406139769886,60.73098116954014,62.28447723388672,348733000
2024-01-30,62.71821799882993,63.309502714007664,62.08006442941247,62.59257888793945,410735000
2024-01-31,61.26243938962684,62.089045984947674,60.524580091271865,61.34918975830078,453795000
2024-02-01,61.92052952927185,63.00837994825412,61.471833071842404,62.844852447509766,369146000
2024-02-02,63.789108872006786,66.40751896695984,63.50592925992764,65.96879577636719,476578000
2024-02-05,68.02783445051155,69.2961616511714,67.010785504722,69.13163757324219,680078000
2024-02-06,69.42877233327619,69.552414531284,66.10840153882174,68.02584075927734,683111000
2024-02-07,68.12155362100862,70.01706057362387,67.40462981569888,69.89640808105469,495575000
2024-02-08,69.87147502102263,70.58939534958982,69.2542683281726,69.43972778320312,414422000
2024-02-09,70.32916305952648,71.97638935285751,70.00909157292358,71.92454528808594,436637000
2024-02-12,72.39017991002451,74.39536957580593,71.0440830164451,72.03919982910156,613710000
2024-02-13,70.19653768234375,73.23771827831571,69.41879318637284,71.91954040527344,602580000
2024-02-14,72.99045859670314,74.02146705443656,71.73011146374917,73.68643951416016,504917000
2024-02-15,73.65551962549853,73.76120847442633,72.19076331535655,72.44801330566406,420122000
2024-02-16,73.8858468671519,74.18697602398943,72.29146900724291,72.40314483642578,495327000
2024-02-20,71.7390740272432,71.74805069531128,67.53825202114858,69.25128936767578,704833000
2024-02-21,67.80944602494424,68.6889006450619,66.0565313718467,67.27699279785156,673755000
2024-02-22,74.80818688297568,78.34792317872578,74.0055129470122,78.31103515625,865100000
2024-02-23,80.55651569183838,82.15587637734276,77.3458203592003,78.58921813964844,829388000
2024-02-26,79.46966317926245,80.41293598535317,78.27811704521838,78.8634262084961,503973000
2024-02-27,79.1515839793688,79.25030450092336,76.93900277777333,78.47354888916016,391705000
2024-02-28,77.39567023328642,78.70487140466068,76.90209811291284,77.43854522705078,393110000
2024-02-29,78.86541608909434,79.75882270864132,78.12356300049603,78.88336181640625,507289000
2024-03-01,79.76879352380037,82.06214938054762,79.20542398518815,82.04120635986328,479135000
2024-03-04,83.88684357717052,87.4415423994426,83.47703595857622,84.99064636230469,615616000
2024-03-05,85.02755456111447,85.85220668028344,83.17982622827054,85.7195816040039,520639000
2024-03-06,87.7717411927185,89.46889796984821,86.78255724053227,88.44780731201172,582520000
2024-03-07,89.90165539673119,92.5032385135836,89.34723648723485,92.405517578125,608119000
2024-03-08,94.86750020038097,97.12306982330983,86.26003928547323,87.27913665771484,1142269000
2024-03-11,86.18325727083518,88.54452056286361,83.92669117198699,85.53012084960938,678364000
2024-03-12,87.79866017993605,91.69853581019218,85.90505740123257,91.65167236328125,668075000
2024-03-13,90.7961026211969,91.24382347923168,88.18354935724443,90.62957763671875,635713000
2024-03-14,89.32232245586333,90.38828336998239,86.35378152826699,87.69396209716797,602318000
2024-03-15,86.68283850567245,89.29139794365639,86.01175546714047,87.5872573852539,642086000
2024-03-18,90.13100142686399,92.14226481208601,86.83739140527486,88.20349884033203,668976000
2024-03-19,86.45348714580204,90.28655945618765,84.76829741224358,89.1438217163086,672171000
2024-03-20,89.54167399398385,90.15293760178423,87.97215190090783,90.11504364013672,479063000
2024-03-21,92.03756431354115,92.38457441104313,90.14794815065484,91.17501831054688,480372000
2024-03-22,90.88184542482509,94.50850488999004,90.57571915026602,94.0208969116211,586719000
2024-03-25,93.67390745044557,96.4908723257128,93.2441331194467,94.73188781738281,552136000
2024-03-26,95.57845179632116,96.10096390542323,92.23897543553605,92.29780578613281,513648000
2024-03-27,92.84725495724012,92.97488937266765,88.8695984293379,89.99339294433594,586067000
2024-03-28,89.74411520186113,91.0404221311914,88.93941042675222,90.09910583496094,435212000
2024-04-01,90.04226569169144,91.96278458075767,88.95037777581965,90.1060791015625,452441000
2024-04-02,88.19651917898095,89.83784291883602,87.3708780678764,89.19766998291016,433064000
2024-04-03,88.23242095077572,90.11704664082849,88.14866014711569,88.71105194091797,370067000
2024-04-04,90.1489453998678,90.3763015666953,85.63581327474101,85.6607437133789,434965000
2024-04-05,86.61901544259366,88.22942906906539,85.68169327218381,87.75777435302734,399678000
2024-04-08,88.44778434677862,88.57741956926614,86.48538552016859,86.88524627685547,283220000
2024-04-09,87.19337337953033,87.38582540473588,82.7859427996773,85.1113052368164,501700000
2024-04-10,83.68738625967652,87.15150809881327,83.4710003679758,86.79153442382812,431929000
2024-04-11,87.17144056555283,90.48100403591603,86.67884945614712,90.35835266113281,431637000
2024-04-12,89.44396327846418,89.91861544290224,87.2811315064311,87.93526458740234,426805000
2024-04-15,88.84466403718538,90.35535577476978,85.68467584656017,85.7564697265625,443077000
2024-04-16,86.18724795044986,87.86745463811035,85.81930143123056,87.16645812988281,370453000
2024-04-17,88.08882656112145,88.52259493497695,83.7113088922385,83.79607391357422,495400000
2024-04-18,84.72840551757585,85.94493790164843,82.16770633584548,84.43025207519531,447260000
2024-04-19,82.91359767384262,84.08425585640761,75.39104730583979,75.98335266113281,875198000
2024-04-22,77.8819196640173,79.84532288255929,76.18276995811692,79.29190063476562,596341000
2024-04-23,80.53934787289336,82.53366130187051,80.03578647084935,82.18864440917969,438559000
2024-04-24,83.71130021339918,83.84292866853282,78.95785602564062,79.45045471191406,512208000
2024-04-25,78.64376576074403,83.08610152779464,78.00060291462616,82.3970718383789,424641000
2024-04-26,83.57968703669025,88.07985603184983,83.1499127117647,87.48554992675781,551011000
2024-04-29,87.34594249418755,87.74180926182623,85.0235621625501,87.50748443603516,388971000
2024-04-30,86.99194868469957,88.5664614931565,86.05462655663052,86.15633392333984,363709000
2024-05-01,84.83509991070004,85.75547203094351,81.02396098069623,82.80488586425781,559863000
2024-05-02,84.20888384405981,85.99180203592717,82.96343457532701,85.572998046875,377898000
2024-05-03,87.53939567590184,89.02715032615576,86.79252471992756,88.53655242919922,398341000
2024-05-06,89.13584021044993,91.95779560513117,88.80179361610953,91.87802124023438,376203000
2024-05-07,90.8389759868272,91.52003263915564,88.75791206874568,90.29652404785156,437342000
2024-05-08,89.22857072950318,90.93470430679172,89.1657463302182,90.1549301147461,325721000
2024-05-09,90.27159797496299,90.81305333122494,87.9801353538175,88.49466705322266,378013000
2024-05-10,90.04823965753017,91.14112411341107,88.973301771079,89.62245178222656,335325000
2024-05-13,90.22073791617511,90.73926364427145,88.2772820639822,90.1419677734375,289680000
2024-05-14,89.34424430460986,91.39041184902159,88.68113417048747,91.09625244140625,296507000
2024-05-15,92.20907765380471,94.59228164011105,91.3385587292716,94.3609390258789,417735000
2024-05-16,94.64014935721045,95.54656142094716,93.83543705567772,94.09071350097656,323952000
2024-05-17,94.10068232469492,94.47062203748345,91.5449662156453,92.21604919433594,359691000
2024-05-20,93.4834581877298,94.92933263128536,93.17434198712075,94.51052856445312,318764000
2024-05-21,93.33286278018406,95.1287443727323,92.91505542877422,95.11478424072266,328946000
2024-05-22,95.18757861855156,95.74698053068366,92.98386328100148,94.68002319335938,548648000
2024-05-23,101.73789993945216,106.01769615650826,101.23134112874065,103.50386810302734,835065000
2024-05-24,104.15200681058755,106.17224704806925,102.70712939816647,106.16626739501953,429494000
2024-05-28,109.93054862844438,114.61219912037285,109.57057499198291,113.5771484375,652728000
2024-05-29,112.72858027740573,115.16363093573716,110.58568822600918,114.49852752685547,557442000
2024-05-30,114.32401567603497,115.48969056494155,109.35119576529627,110.1858139038086,484553000
2024-05-31,112.20006619281486,112.39651226649593,106.6359377048998,109.32128143310547,613263000
2024-06-03,113.29793498606988,114.67301177978516,111.68453173387806,114.67301177978516,438392000
2024-06-04,115.38699108204422,116.26847269779265,113.72073695926161,116.1059341430664,403324000
2024-06-05,118.0344347915748,122.10083501982173,117.13400243711465,122.09186553955078,528402000
2024-06-06,123.69530003662086,125.22992577254257,117.98358919974154,120.65397644042969,664696000
2024-06-07,119.42946352714927,121.34600353396539,117.68643999762348,120.5442886352539,412386000
2024-06-10,120.02775723865274,122.74999082651334,116.6773100476689,121.44371795654297,313434100
2024-06-11,121.43374431859081,122.53071289546243,118.41211249470811,120.57612609863281,222551200
2024-06-12,122.72018841720352,126.52963983604721,122.23154359875069,124.85427856445312,299595000
2024-06-13,129.03269675342705,129.44156821528892,126.8088590238474,129.25209045410156,260704500
2024-06-14,129.60112719578945,132.47316384016574,127.9656566008486,131.5158233642578,309320400
2024-06-17,132.62277611443673,133.36072299109455,129.2221885999668,130.61831665039062,288504400
2024-06-18,130.77788509132313,135.95355648117285,130.32913071079423,135.20562744140625,294335100
2024-06-20,139.41396587386305,140.3713064535189,129.16235380151105,130.4188690185547,517768400
2024-06-21,126.76897377617152,130.2692833981682,123.95676122395307,126.22048950195312,649445800
2024-06-24,122.89967494041525,124.11630717061917,117.71403760101381,117.78384399414062,476060900
2024-06-25,120.86531742755339,126.15068514494095,118.9905115651875,125.74181365966797,414192600
2024-06-26,125.78169805160451,127.7662006748868,122.26144711805412,126.05095672607422,362975900
2024-06-27,123.75731801767638,126.0609445300648,122.58057607711103,123.64762115478516,252571700
2024-06-28,124.23599694106169,127.35735127952529,122.41104832536521,123.19886779785156,315516700
2024-07-01,123.12905433583957,124.49526638375627,118.50186772113265,123.9567642211914,284885500
2024-07-02,120.79551981451768,123.0692304193492,120.69579746715523,122.33126831054688,218374000
2024-07-03,121.32404411348101,127.9257583618164,121.02486950892705,127.9257583618164,215749000
2024-07-05,127.02825932218164,128.4942089959331,125.33295662282136,125.4825439453125,214176700
2024-07-08,127.1379469199517,130.40889591730686,126.6891925935073,127.84598541259766,237677300
2024-07-09,129.99007251430768,133.45049207075732,128.29475452643044,131.01722717285156,285366600
2024-07-10,133.65991582693005,134.72696865235594,132.0543607420923,134.53749084472656,248978600
2024-07-11,135.37514352274295,135.7740328866088,126.69917051710233,127.04820251464844,374782700
2024-07-12,127.90582806874107,131.5557253023775,126.86870653322082,128.8831329345703,252680500
2024-07-15,130.19949911473634,131.0272091690287,126.82883461080432,128.08535766601562,208326200
2024-07-16,128.0853283678797,128.68366239858466,124.2359867587292,126.01107025146484,214769500
2024-07-17,121.0148834570791,121.51350267825232,116.39767220801212,117.6641616821289,390086200
2024-07-18,121.51352635797906,122.0620106514847,116.23813305693453,120.75562286376953,320979500
2024-07-19,120.0176783628371,121.26422676213605,117.04591123957188,117.60436248779297,217223800
2024-07-22,120.01767396475167,123.72740308245356,119.52902914046476,123.19886779785156,258068900
2024-07-23,122.44095787706307,124.34568731396223,121.76283530375956,122.25148010253906,173911000
2024-07-24,118.84092133007209,119.6187662154648,113.1267484514862,113.93450927734375,327776900
2024-07-25,112.72785127466838,116.30793416547407,106.00646529957123,111.9699478149414,460067000
2024-07-26,115.8691646723326,115.87913158113766,111.27189374853045,112.747802734375,293399100
2024-07-29,113.37607543359478,115.9589201329672,110.99267544003177,111.28186798095703,248152100
2024-07-30,111.21204752075072,111.68075088933978,102.2568489765504,103.44356536865234,486833300
2024-07-31,112.5882282546028,118.01320052493742,110.57380222245634,116.69684600830078,473174200
2024-08-01,117.20545726694776,119.82819978465332,106.51505772619602,108.90843200683594,523462300
2024-08-02,103.47346849787236,108.41977052611269,101.0900691005783,106.97377014160156,482027500
2024-08-05,91.80579073756999,103.12445587816262,90.43957861096249,100.17262268066406,552842400
2024-08-06,103.55324859386288,107.41256456659957,100.27234042123098,103.96212005615234,409012100
2024-08-07,107.51228858966286,108.49956025923653,98.41747763354093,98.63687133789062,411440400
2024-08-08,101.71833034514779,105.20866520993226,97.25069837056012,104.68013000488281,391910000
2024-08-09,105.34829623370402,106.30564447792429,103.14439960768745,104.46075439453125,290844200
2024-08-12,106.02640719898284,110.76329052893722,105.96657531790058,108.71894836425781,325559900
2024-08-13,112.1295177782614,115.90905322658823,111.27189191883488,115.81929779052734,312646700
2024-08-14,118.20269875673235,118.27250515954668,113.75501518576698,117.75394439697266,339246400
2024-08-15,118.43206727440648,122.89969228155606,117.1456284695593,122.52074432373047,318086700
2024-08-16,121.6032680775869,124.6548155270241,120.84536466885129,124.23597717285156,302589900
2024-08-19,123.93681555512863,129.64102172851562,123.07918972579691,129.64102172851562,318333600
2024-08-20,128.04543898793298,129.52136317375601,125.54237540722741,126.89862060546875,300087400
2024-08-21,126.9684150377678,128.9928157355832,126.31024153473705,128.14515686035156,257883600
2024-08-22,129.66096486520394,130.3889447703718,122.7600680862335,123.39830017089844,376189100
2024-08-23,125.51243939894613,129.24211690201355,124.87420736161047,129.0127410888672,323230300
2024-08-26,129.2122143703238,130.89753484404284,124.02656901853358,126.11079406738281,331964700
2024-08-27,124.70469137157046,128.843225521312,123.5379164141598,127.94571685791016,303134600
2024-08-28,127.76621672239743,127.97564354365645,122.30135293496008,125.26315307617188,448101100
2024-08-29,121.02487540717718,124.08639756190335,116.38771446055243,117.2652816772461,453023300
2024-08-30,119.19992897597831,121.41379989153823,116.89631023816276,119.04037475585938,333751600
2024-09-03,115.68965014821475,115.8890948214911,106.99372848681783,107.70176696777344,477155100
2024-09-04,105.11893116355375,112.95722005840781,103.83249237473713,105.91671752929688,372470300
2024-09-05,104.70008464878364,109.34722045042044,104.47072401794104,106.91395568847656,306850700
2024-09-06,107.74166341909986,107.85136027800363,100.67123751563678,102.54605102539062,413638100
2024-09-09,104.59038154400555,106.25577578698045,103.4036727846321,106.17599487304688,273912000
2024-09-10,107.51228306871653,109.09789628161208,104.660180275284,107.80148315429688,268283700
2024-09-11,109.0879203249405,116.86638376942398,107.12335923706071,116.587158203125,441422400
2024-09-12,116.52732649632485,120.46676065848584,115.07123444451854,118.82117462158203,366052700
2024-09-13,118.76132975848293,119.63897203588232,117.28528706438033,118.7812728881836,238358300
2024-09-16,116.47745888999548,117.86373849865818,114.05396151496328,116.46748352050781,248772300
2024-09-17,117.85376774830212,118.48208669803358,114.52270945275087,115.28067016601562,231925900
2024-09-18,115.57987289959789,117.38502682895009,112.91701975753097,113.06661987304688,310318900
2024-09-19,117.03595276449437,119.33977604172051,116.93622190087328,117.5545654296875,293506400
2024-09-20,116.74672842087176,118.30255881396619,115.0811994036204,115.68956756591797,382462400
2024-09-23,116.23810791147417,116.67692526968904,114.55262802291854,115.94888305664062,206228500
2024-09-24,116.20818908018337,121.47406618937484,115.07124032940908,120.54655456542969,354966800
2024-09-25,121.69346336275538,124.60565503965537,121.28456450552947,123.17948150634766,284692900
2024-09-26,126.46067739619816,127.32834434574869,121.47405774507013,123.70806121826172,302582900
2024-09-27,123.63824884420143,123.6980858451405,118.94085404604166,121.07512664794922,271009200
2024-09-30,117.99339940741461,121.1748653861715,117.83383152489164,121.11502838134766,226553700
2024-10-01,121.44412897274735,122.11234177416986,115.48013626179672,116.68689727783203,302094500
2024-10-02,116.12840510154699,119.06053238913914,114.831880901423,118.53195190429688,221845900
2024-10-03,120.59641230247804,124.0272091849403,120.01796257527629,122.52124786376953,277118000
2024-10-04,124.60565935860969,124.70539023390367,121.50398120040512,124.58570861816406,243678100
2024-10-07,124.65551433206126,130.29039598837593,124.61562046227938,127.37821197509766,346250200
2024-10-08,129.9114112143918,133.1227955252644,129.07366275536995,132.5343780517578,285722500
2024-10-09,133.75109763690637,134.16000405397224,131.0284078789419,132.2949981689453,246191600
2024-10-10,131.55701568457982,134.6387432670493,130.64944717024784,134.44924926757812,242311300
2024-10-11,133.6513755856735,135.4166432187145,133.30232133780012,134.43927001953125,170209500
2024-10-14,136.10482161198357,139.22645092545358,135.93527834055612,137.70054626464844,232347700
2024-10-15,137.50104323972985,138.1991821543322,128.3954862474048,131.24783325195312,377831000
2024-10-16,133.62146232310147,136.25439701653355,131.22789086287455,135.3568115234375,264879700
2024-10-17,138.96712260930138,140.512977854023,136.50373111006368,136.56356811523438,306435900
2024-10-18,138.2989120156457,138.52829226592988,136.9126323168706,137.63070678710938,176090200
2024-10-21,137.76035501280404,143.32542419433594,137.63069803621275,143.32542419433594,264554500
2024-10-22,142.5275764963188,144.0335302578968,141.400595506541,143.20574951171875,226311600
2024-10-23,141.649914730207,142.04883820987033,137.09215234233463,139.1865234375,285930000
2024-10-24,140.44314713971724,140.9717275450093,138.08946232413336,140.03424072265625,172354900
2024-10-25,140.55285615055817,143.74430494634163,140.4232143860229,141.16122436523438,205122100
2024-10-28,142.6173258267159,142.7569505719539,139.67522319765803,140.1439666748047,173586700
2024-10-29,139.91455642525435,141.87928563006452,138.5282768804448,140.8719940185547,157593600
2024-10-30,139.16657905851807,139.9544735111022,136.4438889013892,138.9671173095703,179418100
2024-10-31,137.2317994926413,137.24176725497634,131.75648481507793,132.4047393798828,270039600
2024-11-01,134.339550139827,136.94256658973848,134.20990835801712,135.0376739501953,207127800
2024-11-04,136.8428124063768,138.58812914709054,135.2072018980832,135.6859130859375,187528200
2024-11-05,137.08217511986183,139.99435925396384,136.9625011145287,139.5355987548828,160537400
2024-11-06,142.57743460752744,146.09798683530676,141.58011068537002,145.2203369140625,242043900
2024-11-07,145.9982557303204,148.53145192465237,145.77884323892675,148.48159790039062,207323300
2024-11-08,148.3718728926044,149.3691967390222,145.868580298605,147.23492431640625,175665800
2024-11-11,148.2821074463959,148.4516658981078,143.18579701946294,144.8712615966797,182325600
2024-11-12,146.3871741057391,149.24948830655927,145.61923058187799,147.89312744140625,198634700
2024-11-13,148.67108050956173,148.93037924410717,145.5095503668412,145.87857055664062,191903300
2024-11-14,147.24489842760545,148.60125952595652,145.16049515099348,146.36724853515625,194463300
2024-11-15,144.48230195229198,144.85132212671857,139.705127384455,141.60003662109375,250132900
2024-11-18,139.1266784396513,141.1711953957962,136.7829612819808,139.77493286132812,221205300
2024-11-19,140.9418317601378,146.73628163269873,140.61271302151263,146.61659240722656,227834900
2024-11-20,147.0155246522584,147.16511715506326,142.34804073132528,145.4995880126953,309871700
2024-11-21,148.95034787282623,152.48086819347145,140.3234860038813,146.2775115966797,400946600
2024-11-22,145.53949007763015,146.7662096056562,140.72242834878378,141.5701446533203,236406200
2024-11-25,141.61003096699034,141.66986796819967,135.45654411602544,135.656005859375,344941900
2024-11-26,137.33151565059862,138.9272401830298,135.30694909062626,136.55360412597656,190287700
2024-11-27,134.64869500572706,136.85278753282546,131.44729379106425,134.97781372070312,226370900
2024-11-29,136.41396798376013,138.97709782710584,135.68592576491588,137.88003540039062,141863200
2024-12-02,138.45849496272686,140.07415499884576,137.45120318506554,138.259033203125,171682800
2024-12-03,137.89002585394636,140.16392360539365,137.58085781498016,139.88467407226562,164414000
2024-12-04,141.62002040602846,145.39987200124563,139.91458952073046,144.75161743164062,231224300
2024-12-05,144.73165063129176,146.1579148411047,143.57467148409813,144.68177795410156,172621200
2024-12-06,144.2230061514487,145.32012910905055,140.9415752898697,142.06863403320312,188505600
2024-12-09,138.60766082087318,139.58510137793925,136.77246195727844,138.4480743408203,189308600
2024-12-10,138.64753308216282,141.4502189353748,133.44114274667672,134.7178192138672,210020900
2024-12-11,137.00184953896905,139.8045203384501,134.85746151474785,138.94676208496094,184905200
2024-12-12,136.72258646567687,138.07904108019704,135.44592508954074,136.98190307617188,159211400
2024-12-13,138.57773734651352,139.2360201486468,132.19441524956173,133.89996337890625,231514900
2024-12-16,133.8301313094174,134.04955889819416,130.07994062496547,131.65582275390625,237951100
2024-12-17,128.75342001528475,131.24690176576593,126.5292385551769,130.05003356933594,259410300
2024-12-18,133.51098920213212,136.3435808551527,127.94553603601128,128.5738983154297,277444500
2024-12-19,131.41643441707996,133.6805197239663,129.21220544602065,130.33924865722656,209719200
2024-12-20,129.4715213006466,134.9272596326742,127.88567083765561,134.34877014160156,306528600
2024-12-23,135.92467137837366,139.42551415908295,134.76769223262775,139.3058319091797,176053500
2024-12-24,139.63498826590208,141.53002844762267,138.28850193430708,139.8544158935547,105157000
2024-12-26,139.33575896662117,140.48276971800976,137.37089410442982,139.56515502929688,116205600
2024-12-27,138.18876430649956,138.65754010210347,134.3587799168467,136.65277099609375,170582600
2024-12-30,134.47843254273522,139.90425017541338,133.67054705312722,137.13150024414062,167734700
2024-12-31,137.67010377599792,137.71000800391963,133.48105776544256,133.93984985351562,155659200
2025-01-02,135.64539681236818,138.51789243847597,134.27897378808947,137.94937133789062,198247200
2025-01-03,139.6449446721197,144.52219430432945,139.36567593719187,144.09332275390625,229322500
2025-01-06,148.20258376458906,151.76328315584956,147.43460231153736,149.04039001464844,265377400
2025-01-07,152.63098706400407,152.73073241075815,139.6449312609891,139.77459716796875,351782200
2025-01-08,142.20825109505992,143.57467420574872,137.20133554653654,139.74468994140625,227349900
2025-01-10,137.09162690267476,139.55518814906236,133.87005266470834,135.55564880371094,207602500
2025-01-13,129.6510717959939,133.1419459563911,129.17231238202828,132.8826141357422,204808900
2025-01-14,135.6952813829554,136.02442280388445,129.71092511662002,131.4164581298828,195590500
2025-01-15,133.30153730793728,136.09424010113995,130.94768976753863,135.88479614257812,185217300
2025-01-16,138.27849759838656,138.38821138373916,133.14193223642877,133.2217254638672,209235600
2025-01-17,136.33360735729912,138.13888566634566,135.10681862678206,137.3509521484375,201188800
2025-01-21,138.79717036536638,141.4602070208564,136.7325601923546,140.4628143310547,197749000
2025-01-22,144.28284886721386,147.40467804215123,143.29542449743752,146.6865692138672,237651400
2025-01-23,144.67181084027297,146.8461195709751,143.34527675360425,146.83615112304688,155915500
2025-01-24,147.98313043457708,148.58157206293976,141.5100624088345,142.2481231689453,234657600
2025-01-27,124.47460659166907,128.06521102414737,116.39571998533557,118.11123657226562,818830900
2025-01-28,121.49238479939024,128.6636397113665,115.94688462361518,128.65367126464844,579666400
2025-01-29,126.17018228394103,126.55916484585856,119.73700212037913,123.37747955322266,467120600
2025-01-30,122.77904281152207,124.67409050916186,117.7920791911556,124.32500457763672,392925500
2025-01-31,123.45725307095627,127.51664059137909,118.87922475402188,119.75692749023438,388161100
2025-02-03,114.45080376447106,118.26084328911304,112.71534272693829,116.35582733154297,371235700
2025-02-04,116.65503370463425,120.88397605738155,116.39570950659508,118.34062957763672,256550000
2025-02-05,121.44252915135603,124.67407915232373,120.44513651813745,124.50452423095703,262230800
2025-02-06,127.08777312720079,128.43425932928383,124.88353622330139,128.344482421875,251483600
2025-02-07,128.88305586640928,130.03005111642076,124.6740584360869,129.50143432617188,228186300
2025-02-10,129.7507885558044,134.64798945444892,129.6211378778437,133.2217254638672,216989100
2025-02-11,132.23432300379022,134.12936300336048,130.67839286199495,132.45375061035156,178902400
2025-02-12,129.68100547013307,131.89521852186024,128.7434538800678,130.79808044433594,160278600
2025-02-13,131.21697039655388,136.14409236479662,130.82798788427175,134.93724060058594,197430000
2025-02-14,136.12416013401827,138.88694235090182,135.14671948687393,138.4879913330078,195479600
2025-02-18,140.90169507533363,143.06603577801434,137.57039132145403,139.03656005859375,219176600
2025-02-19,139.1462426003846,140.99142508356047,136.86222013681927,138.86697387695312,167536000
2025-02-20,139.6648967001902,140.29325896288867,136.43333891646114,139.74468994140625,143903600
2025-02-21,139.6748562571626,141.09116717483585,133.68053207054632,134.07948303222656,228217600
2025-02-24,136.20394796569565,138.22865397806314,129.74084737496105,129.94032287597656,251381100
2025-02-25,129.6410992372649,129.8605268493821,124.11555036059914,126.29983520507812,271428700
2025-02-26,129.6510837247691,133.38132271635274,128.1549946612343,130.93771362304688,322553800
2025-02-27,134.64801917362388,134.65798762212813,119.69710421233928,119.83673858642578,443175800
2025-02-28,117.71228067710521,124.76384661623277,116.09650940652436,124.59429168701172,389091100
2025-03-03,123.18796891235903,123.37746834229016,111.98724605192426,113.76260375976562,411381400
2025-03-04,110.36149568941593,118.99891188150963,109.82290275774469,115.68756866455078,398163300
2025-03-05,117.27342459632162,117.971596377653,114.2114295961939,116.99415588378906,284337900
2025-03-06,113.2339891683523,115.04924353236196,109.93262184934352,110.28170776367188,321181900
2025-03-07,110.95993136050063,113.18412029909872,107.27955007853643,112.39617919921875,341755500
2025-03-10,109.61344182887889,111.55835424093472,105.18501650973491,106.70105743408203,366487400
2025-03-11,106.71102843945867,111.94733940770921,104.4968157267925,108.4764175415039,354865700
2025-03-12,113.83293253862912,116.46629097878981,112.59604629385464,115.4488525390625,323857500
2025-03-13,116.73559490158165,117.46376184203,113.50374766538481,115.28924560546875,299033100
2025-03-14,118.31162236591584,121.57339292473429,117.85278046649132,121.36392211914062,277593500
2025-03-17,122.43123309193861,122.58085727393843,117.73308248243704,119.22930908203125,255501500
2025-03-18,117.70315237486467,118.72058305537905,114.25185746421572,115.13961791992188,299686900
2025-03-19,116.97498651717953,120.14698705841565,115.3889900516623,117.22435760498047,273426200
2025-03-20,116.25680439544837,119.89761619602571,116.17700382075364,118.23181915283203,248829700
2025-03-21,116.64582513098318,117.6931791575635,115.1296446207881,117.4039077758789,266498500
2025-03-24,119.57842622721644,121.91254366285413,119.03978374206928,121.10458374023438,228452500
2025-03-25,120.24675872456315,120.98489511882921,118.62085412977636,120.38640594482422,167447200
2025-03-26,118.43133002412056,118.54104631031402,112.42646947850851,113.47383117675781,293463300
2025-03-27,111.06988814101668,114.1620883069464,110.3816290692769,111.14968872070312,236902100
2025-03-28,111.20954068147716,112.58607411134861,108.79563010676111,109.39411926269531,229872500
2025-03-31,104.86553641067388,110.68087252083329,103.38926370156523,108.10736083984375,299212700
2025-04-01,108.2470125996811,109.92278683325367,106.20217397842941,109.87291717529297,222614000
2025-04-02,107.0200962834212,111.69830029652357,106.5213541109438,110.14221954345703,220601200
2025-04-03,103.24961996040646,105.36428217323731,101.34442096353821,101.5439224243164,338769400
2025-04-04,98.66118836013088,99.87811296890389,91.87829121020437,94.07275390625,532273800
2025-04-07,87.23997324185012,101.49402435717819,86.40209010889866,97.39436340332031,611041300
2025-04-08,103.54885717389794,105.58372634261488,94.2223791915971,96.05775451660156,476243400
2025-04-09,98.64122793388745,114.81044852614636,97.28464859296416,114.04238891601562,612918300
2025-04-10,109.09486759895934,110.58111717003517,98.9005761841806,107.29939270019531,437812400
2025-04-11,108.22706011361765,111.26939065397997,107.20962934859612,110.65094757080078,313417300
2025-04-14,113.82294410726054,114.00249160148302,108.79562187923341,110.4314956665039,264705000
2025-04-15,110.69084593782598,113.33418114021705,110.22202704858428,111.9177474975586,228966900
2025-04-16,104.2869965726397,106.52135948725393,100.1973044637503,104.22714233398438,397016900
2025-04-17,104.1872406628714,104.20719461222582,99.79831546993584,101.23468780517578,292517500
2025-04-21,98.52154346848427,99.18986388590638,94.80093044127103,96.66622924804688,288501100
2025-04-22,98.5314962128766,99.55890380627321,97.03526978904827,98.64122009277344,241004800
2025-04-23,104.25705857766793,104.53636058197965,101.76334775853866,102.45161437988281,247526000
2025-04-24,103.21968611105362,106.2719858525715,102.85061415392688,106.16226196289062,220815000
2025-04-25,106.58121206849437,111.63845793071249,105.46403435389149,110.73075103759766,251064700
2025-04-28,109.4140660423662,110.09235573735528,105.75329251827114,108.45648193359375,207708500
2025-04-29,107.39914041879526,109.92277466025524,107.16972327513623,108.74574279785156,170444300
2025-04-30,104.20719367744803,108.64599609375,103.81817538074749,108.64599609375,235044600
2025-05-01,112.79553450528941,114.6508560442669,111.02001354244473,111.32923126220703,236121500
2025-05-02,113.8927727544179,115.10970497913567,113.08481279973248,114.21196746826172,190194800
2025-05-05,112.62597685282235,114.38154406705421,112.3766057315755,113.53368377685547,133163200
2025-05-06,111.19957883323038,114.4513729240336,110.54123539005728,113.25439453125,158525600
2025-05-07,112.76562607090563,117.38397657859393,111.99755874213628,116.76553344726562,206758800
2025-05-08,117.95252869863282,118.38144728921775,115.55856464909375,117.07474517822266,198428100
2025-05-09,117.05479580716789,117.9325869721132,114.92017974547274,116.35655975341797,132972200
2025-05-12,121.66317455201767,122.69058227539062,119.9774234659773,122.69058227539062,225023300
2025-05-13,124.66559728217729,130.88989748886456,124.1568781333485,129.60313415527344,330430100
2025-05-14,132.86491109788813,135.09928149974084,131.34873063875938,134.99952697753906,281180800
2025-05-15,133.9521641466833,135.9571173935552,132.32627503661865,134.49081420898438,226632600
2025-05-16,135.87733175434735,136.0070096021913,133.1242801768634,135.05938720703125,226542500
2025-05-19,132.05696494191162,135.5282065455698,132.05696494191162,135.22897338867188,193154600
2025-05-20,133.9521612557517,134.24144022899694,132.28636428496227,134.0419464111328,161514200
2025-05-21,132.72526966841644,137.0543482410567,130.26148202288624,131.46844482421875,270608700
2025-05-22,131.8973680939745,133.91229099864714,131.21908595560456,132.49586486816406,187344000
2025-05-23,129.67296865108418,132.3462194682512,128.8350854296202,130.959716796875,198821300
2025-05-27,133.81250879901197,135.31871978851976,132.974625664691,135.15911865234375,192953600
2025-05-28,135.68780317037033,136.904735369061,134.45091702175245,134.4708709716797,304021100
2025-05-29,141.8921589021039,143.12904506361895,137.56308016740775,138.83985900878906,369241900
2025-05-30,138.37103486307464,139.26876471984463,132.58562239610197,134.79006958007812,333170900
2025-06-02,135.14916370580715,137.7725372671851,135.05937854437917,137.03440856933594,197663100
2025-06-03,138.43088175862894,141.64278269656361,137.60296789247522,140.86474609375,225578800
2025-06-04,141.83229805086768,142.03179187100486,139.1889554677409,141.56297302246094,167120800
2025-06-05,141.81237210270294,143.63777059715719,138.48077746536075,139.6378631591797,231397900
2025-06-06,142.1514855332369,142.90958336053123,141.1540012092415,141.3634796142578,153986200
2025-06-09,142.82978324597119,144.6352274429253,141.58292783698045,142.2711944580078,185114500
2025-06-10,142.3310452201821,143.92701105784593,141.17395971410352,143.5978546142578,155881900
2025-06-11,144.25621966515521,144.63529488552354,141.52291745481477,142.48057556152344,167694000
2025-06-12,141.62269259555393,144.64527893066406,141.50299102868564,144.64527893066406,162365000
2025-06-13,142.13142750185233,143.22874251056697,140.50542554352353,141.6226806640625,180820600
2025-06-16,142.99931091676874,145.82237413621124,142.84966874779792,144.33602905273438,183133700
2025-06-17,144.13653073401778,144.8647406282524,143.42826095310537,143.76742553710938,139108000
2025-06-18,143.6576795538125,145.29366674757205,142.7698575136892,145.12408447265625,161494100
2025-06-20,145.09415386336235,145.84231899007767,142.30100101266686,143.49807739257812,242956200
2025-06-23,142.1513937655616,144.42581484809375,141.68254233682853,143.8173065185547,154308900
2025-06-24,145.20390562225958,147.59804349475166,145.1440548392029,147.53817749023438,187566100
2025-06-25,148.90484638085596,154.07216728635598,148.8948611020321,153.93251037597656,269146500
2025-06-26,155.59840525486092,156.33660039378947,153.6232534017049,154.64076232910156,198145700
2025-06-27,155.65826650868465,158.32174817747665,154.880175871103,157.3640899658203,263234500
2025-06-30,158.01250107649778,158.2718747820143,155.57848281781088,157.603515625,194580300
2025-07-01,155.9076636637482,156.81544119896878,151.1194180014287,152.92498779296875,213143600
2025-07-02,152.6057523429847,157.21446053326332,152.59578228626097,156.8653106689453,171224100
2025-07-03,157.98256705200242,160.58618269349765,157.3840439934681,158.9501953125,143716100
2025-07-07,157.8129946008361,158.92027983286837,156.9550977974466,157.8529052734375,140139000
2025-07-08,158.94022243433284,159.82804456030718,158.0025195823342,159.60858154296875,138133000
2025-07-09,160.82559421950873,164.01776272716893,160.76574343834326,162.48153686523438,183656400
2025-07-10,163.91804092547642,164.0975932957291,161.21466354212765,163.69857788085938,167704100
2025-07-11,163.319494380175,167.4792915182188,163.07010595303956,164.5165557861328,193633300
2025-07-14,164.96544774793,165.08516454052796,161.62365204151925,163.66864013671875,136975800
2025-07-15,170.77121644956358,171.97824787505814,168.78607915204378,170.28240966796875,230627400
2025-07-16,170.64152069930245,171.32983513615645,168.48680121561864,170.9507598876953,158831500
2025-07-17,171.59918390717252,173.7339481189201,170.4120926228971,172.5767822265625,160841100
2025-07-18,173.21520688358655,173.82371518980958,170.8410244393951,171.98822021484375,146456400
2025-07-21,172.32738268326037,172.95584631586675,170.58166390065136,170.9607391357422,123126100
2025-07-22,170.9208530826869,170.97073381366536,164.17739532245605,166.62139892578125,193114300
2025-07-23,169.11525591048226,170.84101932871772,167.5590747729789,170.36219787597656,154082200
2025-07-24,172.01816431437092,173.40476336343244,170.88095369299285,173.3149871826172,128984600
2025-07-25,173.18530830431874,174.29259358308082,172.53690445106827,173.07557678222656,122316800
2025-07-28,173.59430945229414,176.56701539294556,173.54442872003753,176.317626953125,140023500
2025-07-29,177.52463047494987,178.94115464165458,174.5918207013176,175.0806121826172,154077500
2025-07-30,176.07819353379378,179.4499298230835,175.60934208925488,178.83145141601562,174312200
2025-07-31,182.45256948733228,182.85160010862035,175.49961883405416,177.43487548828125,221685400
2025-08-01,173.6641186818972,176.1081221843386,170.47194991004753,173.29502868652344,204529000
2025-08-04,174.7315205700618,179.75918483209097,174.0930867713682,179.55967712402344,148174600
2025-08-05,179.18058718831315,179.81902093485988,175.46968627980374,177.82391357421875,156407600
2025-08-06,175.898641889325,179.4599006050506,175.81883576850015,178.9810791015625,137192300
2025-08-07,181.12581999654523,183.43016644757114,178.36259217804582,180.32777404785156,151878400
2025-08-08,181.10587113034643,182.85159004607542,179.95867528141937,182.2530517578125,123396700
2025-08-11,181.6046387082212,183.39025298215157,179.80903915640334,181.61460876464844,138323200
2025-08-12,182.51242163652668,184.02869221788941,179.0209838780724,182.71192932128906,145485700
2025-08-13,182.17323092856017,183.51993435768304,178.91124166315015,181.145751953125,179871700
2025-08-14,179.31025614092474,182.57226061200618,179.02097229994772,181.57470703125,129554000
2025-08-15,181.43505449173978,181.45499460438234,177.6044370814236,180.008544921875,156602200
2025-08-18,180.15818875593718,182.49246055927404,180.14820347806383,181.56472778320312,132008000
2025-08-19,181.98370991508045,182.0535459787435,175.06070018553257,175.2103271484375,185229200
2025-08-20,174.74148365399904,175.5694550698242,168.38707131580557,174.97091674804688,215142700
2025-08-21,174.42225404103465,176.46722675550242,173.38478976711397,174.5519256591797,140040900
2025-08-22,172.1877371490149,178.15310374912357,170.78118284108405,177.55458068847656,172789400
2025-08-25,177.91371253514103,181.46500135257926,176.13806812642193,179.37013244628906,163012800
2025-08-26,179.61949407406715,181.94379572773957,178.37255210674027,181.3253173828125,168688200
2025-08-27,181.53482178191953,182.0435839210746,178.66187741767394,181.15576171875,235518900
2025-08-28,180.3776517699909,184.01871637210735,175.9784366795831,179.72923278808594,281787800
2025-08-29,177.67428483075477,177.714180280125,172.72641192849127,173.75389099121094,243257900
2025-09-02,169.58410730722488,171.95828968039308,166.81090959368234,170.36219787597656,231164900
2025-09-03,170.64153226145447,171.9882358353705,168.46687251736884,170.20260620117188,164424900
2025-09-04,170.15273668191406,171.43957421789176,168.99557077235426,171.2400665283203,141670100
2025-09-05,167.61894341349083,168.61649709218636,163.66863936987482,166.61141967773438,224441400
2025-09-08,167.14011909123317,170.54178073137314,166.9406114031506,167.89825439453125,163769100
2025-09-09,168.6763418810487,170.5617176578999,166.3320999523285,170.34225463867188,157548400
2025-09-10,176.2078799889887,178.85139113084074,175.04074401948455,176.8961944580078,226852000
2025-09-11,179.25054698686972,179.84911904071384,176.05819821844705,176.74655151367188,151159300
2025-09-12,177.3451207317183,178.1731387966239,176.02826832324598,177.39500427246094,124911000
2025-09-15,175.25014939714936,178.4225571584428,174.0929181271268,177.32518005371094,147061600
2025-09-16,176.57696439453113,177.07576937869646,173.96323114864717,174.4620361328125,140737800
2025-09-17,172.22736966160153,172.78602876073558,168.00748411706098,169.8829803466797,211843800
2025-09-18,173.56417834624654,176.67673180432445,172.54662713675344,175.81878662109375,191763300
2025-09-19,175.34989886544702,177.65437533147113,174.76129744715922,176.24774169921875,237182100
2025-09-22,174.8810364137678,184.1089289332547,174.29245016588177,183.17117309570312,269637000
2025-09-23,181.53508786527138,181.98400930831284,175.78885990523673,178.0035400390625,192559600
2025-09-24,179.34033838980653,179.35030900890538,174.98077271717747,176.54702758789062,143564100
2025-09-25,174.06297010669513,179.82915407834395,172.7162058826927,177.2653045654297,191586700
2025-09-26,177.74414266212372,179.3403244887289,174.51188131329135,177.76409912109375,148573700
2025-09-29,179.99875523700084,183.56023005067578,179.88903275637574,181.41537475585938,193063500
2025-09-30,181.6448190078555,186.90222763381766,181.04624695721463,186.13406372070312,236981000
2025-10-01,184.79726069745416,187.6903232769056,183.46045188172369,186.79248046875,173844900
2025-10-02,189.146847340247,190.59337868298996,187.6105195355423,188.43853759765625,136805800
2025-10-03,188.73784010440045,189.90504198866086,184.9369484043502,187.1715850830078,137596900
2025-10-06,185.0566446584491,186.78250559975277,182.8918329061041,185.09654235839844,157678100
2025-10-07,185.78489078203316,188.6081286768816,183.56022492696124,184.5977325439453,140088000
2025-10-08,186.12409742063042,189.14685437964263,186.0941551173159,188.65802001953125,130168900
2025-10-09,191.77054228398893,194.83321191134357,190.60334055524348,192.1097412109375,182997200
2025-10-10,193.04748211324375,195.15243956582322,181.6148814298513,182.72222900390625,268774400
2025-10-13,187.52073401073042,189.65561858658472,185.51554359294212,187.86990356445312,153482800
2025-10-14,184.32839277968645,184.35831986008523,179.2705030798172,179.59971618652344,205641400
2025-10-15,184.3582990595379,184.4281238318171,176.86623951707475,179.40017700195312,214450500
2025-10-16,181.79445210488134,182.84194556906473,179.34034021746592,181.37545776367188,179723300
2025-10-17,179.74933157181889,183.65997549473053,179.32036665232565,182.78207397460938,173135200
2025-10-20,182.69231029505525,184.75735492260156,181.2956472677441,182.20347595214844,128544700
2025-10-21,182.35311411361405,182.35311411361405,179.37027013728058,180.72702026367188,124240200
2025-10-22,180.70708159372876,183.00158772456834,176.33754475809732,179.84913635253906,162249600
2025-10-23,179.988777912505,182.59254038327154,179.3602787988416,181.72462463378906,111363700
2025-10-24,183.40059008116805,187.0219186862977,183.06140638753934,185.81480407714844,131296700
2025-10-27,189.53590332097463,191.54109366524804,187.97961914819697,191.03231811523438,153452700
2025-10-28,192.58859211843296,202.66444286407344,191.45131745385083,200.5495147705078,297986200
2025-10-29,207.48290651547202,211.68285096872194,204.29055782184227,206.54515075683594,308829600
2025-10-30,204.6596525726598,205.66724825327245,200.92860151360617,202.40505981445312,178864400
2025-10-31,205.95656932325562,207.4729406961805,201.5870481318289,202.00604248046875,179802200
2025-11-03,207.58267267525224,210.83487551397138,205.06869143040765,206.3855438232422,180267300
2025-11-04,202.51481474882632,203.4824975937368,197.4569251230167,198.21511840820312,188919300
2025-11-05,198.29492759193732,202.43500266122365,194.18476438007542,194.74343872070312,171350300
2025-11-06,195.95054108781363,197.1476699621838,185.9345440647224,187.63047790527344,223029800
2025-11-07,184.45806985353664,187.86990920765928,178.4823961188316,187.70030212402344,264942300
2025-11-10,194.64366391254433,199.46212145013763,193.32681156682352,198.57424926757812,198897100
2025-11-11,194.69355355890158,194.9529266552934,190.84277869998112,192.69833374023438,176483300
2025-11-12,195.25221648764446,195.4218083488666,190.673190567689,193.33680725097656,154935300
2025-11-13,190.59337913278358,190.9824463944715,183.41059072037282,186.41339111328125,207423100
2025-11-14,182.42294356130517,190.55345800755302,180.14839424900484,189.71546936035156,186591900
2025-11-17,185.52552307898492,188.54828000089623,183.87947275520656,186.15402221679688,173628900
2025-11-18,182.94172058465782,184.3583249108488,179.22062444838815,180.92654418945312,213598900
2025-11-19,184.3483273978252,187.41099710874653,182.39302051116815,186.07420349121094,247246400
2025-11-20,195.48164055367448,195.53152408897705,179.42013163689916,180.20823669433594,343504800
2025-11-21,180.80682891210233,184.11888595894638,172.51667761994415,178.4524688720703,346926200
2025-11-24,179.06102433247585,183.06143495137792,176.05820849098825,182.11370849609375,256618300
2025-11-25,174.49195573568102,177.73418799379976,169.1447659257062,177.39500427246094,320600300
2025-11-26,181.19589856886267,182.47283807635972,177.81400147563977,179.82916259765625,183852000
2025-11-28,178.58215589898685,178.86148547381688,176.0781603452176,176.57696533203125,121332800
2025-12-01,174.3423041351479,179.8690716163194,173.2648835948944,179.48997497558594,188131000
2025-12-02,181.32557695606172,185.2162648499111,179.56978894419797,181.02630615234375,182632200
2025-12-03,180.64719551618873,182.013916155068,178.68190287158453,179.16075134277344,165138000
2025-12-04,181.1960032737075,184.08924235816875,179.53989011299373,182.951904296875,167364900
2025-12-05,183.46070200471706,184.22890867632069,180.48766317737477,181.98416137695312,143971100
2025-12-08,182.213626289633,187.56111397793046,181.9741810893209,185.11683654785156,204378100
2025-12-09,185.12679644575,185.2864265695677,182.89203560496765,184.53817749023438,144719700
2025-12-10,184.53819180758595,185.0469957406681,181.61502392815055,183.35096740722656,162785400
2025-12-11,179.85912243695617,180.89670300875093,176.20766331092784,180.50759887695312,182136600
2025-12-12,180.68718311570447,182.39319766595756,174.21232912082112,174.6114044189453,204274900
2025-12-15,177.52459033283526,178.0034654802094,174.6213802569945,175.87843322753906,164775600
2025-12-16,175.8485164107673,178.07332144734244,174.4916907151964,177.30511474609375,148588100
2025-12-17,175.68889685369163,175.71882560019336,169.91240520818417,170.5409393310547,222775500
2025-12-18,174.1225483861358,175.7387615308714,171.41888356310693,173.73345947265625,176096000
2025-12-19,176.2575523358494,181.0263919449467,175.92832091222974,180.56747436523438,324925900
2025-12-22,183.49062822521734,183.73007341419415,181.9243013805983,183.26116943359375,129064400
2025-12-23,182.5428423541149,188.88799500778453,182.47299846788633,188.76828002929688,174873600
2025-12-24,187.50124372172942,188.4689804086018,186.154389299292,188.169677734375,65528500
2025-12-26,189.47662851874142,192.240166195598,187.5611125998212,190.085205078125,139740300
2025-12-29,187.2717899684254,188.31932652162573,185.47598909796272,187.7805938720703,120006100
2025-12-30,187.8005508490403,188.5487999407664,186.49359631469858,187.1021728515625,97687300
2025-12-31,189.12746144975497,190.11514057964584,186.0546497967401,186.0646209716797,120100500
2026-01-02,189.39681300359115,192.47959571470966,187.8204997023152,188.4091339111328,148240500
2026-01-05,191.31233377676458,193.1779786425506,185.7154296257417,187.6808319091797,183529700
2026-01-06,190.07522846701318,191.72137039337454,186.3838692947835,186.80288696289062,176862600
2026-01-07,188.12978540958392,190.9232365533545,186.12446806753155,188.66851806640625,153543200
2026-01-08,188.66852284990722,189.10749810453436,183.28113525242415,184.60801696777344,172457000
2026-01-09,184.64792389684447,185.9049768874807,183.2412119543349,184.42843627929688,131327500
2026-01-12,182.79226917353867,186.6831584288149,182.59273912358015,184.5082550048828,137968500
2026-01-13,184.5681140987238,187.6708543554723,182.97184323887342,185.376220703125,160128900
2026-01-14,183.88968589856495,184.02935843961012,180.3778995796448,182.71243286132812,159586100
2026-01-15,186.06460797964908,189.25713440169068,185.895006678512,186.6133270263672,206188600
2026-01-16,188.63857958929228,189.99540517049002,185.6455833269296,185.79522705078125,187967200
2026-01-20,181.47532662721457,181.95421697054311,177.19534884297914,177.65428161621094,223345300
2026-01-21,178.6320081827799,184.94723253133864,177.9835164834521,182.8920440673828,200381000
2026-01-22,184.31869154642928,185.7353746560278,183.5005985718231,184.40847778320312,139636600
2026-01-23,187.06227125943187,189.15737478680413,186.38386606278428,187.23187255859375,142748100
2026-01-26,186.7230748442759,188.6784906596197,185.55580805974404,186.03468322753906,124799600
2026-01-27,186.80288446054914,189.55643562401056,185.2664711415707,188.07989501953125,143711600
2026-01-28,190.82347487286611,191.9009553855833,189.3968053634026,191.07289123535156,148552700
2026-01-29,190.89331059974717,193.0283141326731,185.62563804704834,192.06057739257812,171764400
2026-01-30,190.76362243793778,194.0359639826301,189.0276790286862,190.68380737304688,179489500
2026-02-02,186.7629812920276,189.8557504766133,184.4484052141589,185.17669677734375,165794100
2026-02-03,185.8052108647954,185.8351396091497,175.81857039871747,179.91897583007812,204019600
2026-02-04,179.04104143486663,179.16075641282603,171.50866453387607,173.78334045410156,207014100
2026-02-05,174.5215964583249,176.40719862825284,170.6307075914073,171.47872924804688,206312900
2026-02-06,176.277498975506,186.56342663955238,174.1923819783884,184.97714233398438,231346200
2026-02-09,183.82983865020864,193.20790343822367,183.52056478242866,189.59634399414062,196387400
2026-02-10,190.93321971968697,192.0306425866914,187.6808205923615,188.09983825683594,136764800
2026-02-11,192.00071425091673,192.80882083578368,188.329312674443,189.6063232421875,144192700
2026-02-12,192.5793648877844,193.1580126884611,186.07458174632154,186.5035858154297,189932500
2026-02-13,187.04232046551596,187.0622780376601,181.16607138035295,182.3832244873047,161888000
2026-02-17,181.3256935584433,186.71308084037668,178.76168607280786,184.53817749023438,162276900
2026-02-18,188.3093443160685,189.92555739322245,186.3239846890322,187.5411376953125,164749100
2026-02-19,186.62329889395997,187.9900957055448,185.22657333636724,187.46133422851562,126554500
2026-02-20,186.13446388219373,189.88568076730476,185.50592973146237,189.3768768310547,178422300
2026-02-23,190.9531700210539,193.49722008283115,189.13742673270812,191.1028289794922,171584800
2026-02-24,191.04296985904048,193.31764595479845,186.96250644177093,192.39979553222656,175123600
2026-02-25,193.9960453222018,197.16862939564908,193.33758246616242,195.10345458984375,250637100
2026-02-26,193.81646526905493,193.8364076167612,183.88969739169633,184.45835876464844,360807900
2026-02-27,180.82687141264745,182.16373952566906,175.96824531148394,176.77635192871094,311636500
2026-03-02,174.60143816018197,183.0317240302905,174.23230678711255,182.0540008544922,209095300
2026-03-03,178.0732983803544,180.47766036606842,176.50695643346228,179.62965393066406,178099400
2026-03-04,180.01876499488523,184.26881453838726,179.63964723402094,182.61268615722656,177731200
2026-03-05,180.74705501791135,183.6303076754259,177.4647422536165,182.9119873046875,198779700
2026-03-06,179.42014994688597,182.3333312190456,176.40721126414203,177.40487670898438,189021900
2026-03-09,176.4171820751478,182.48298979408452,175.1501427003192,182.2235870361328,177213600
2026-03-10,181.97417604353973,186.00475307627937,181.5850871183009,184.33865356445312,179118500
2026-03-11,185.4860219488843,187.1921136401388,184.02934488988058,185.60574340820312,145280400
2026-03-12,183.63027948516628,184.51824924312825,181.33552155955923,182.72235107421875,155762700
2026-03-13,184.49827615888313,185.6656060713691,179.5296376335348,179.83892822265625,160988400
2026-03-16,182.55273992235968,188.44926587891726,180.9962999229416,182.8021697998047,217307400
2026-03-17,184.63795767039014,184.97717862722422,181.26566108165355,181.5150909423828,182497800
2026-03-18,182.06384475172882,182.96180140975886,179.91875397930713,179.98858642578125,156683100
2026-03-19,177.60403750119184,179.56954607641802,175.38909905828712,178.1527862548828,170968500
2026-03-20,177.59405294207926,177.85345450506617,171.32837633709812,172.30613708496094,241323500
2026-03-23,176.85574153065542,177.96321071223454,174.36144294367455,175.23944091796875,182836300
2026-03-24,174.4312942297872,175.81812366395545,173.58322660302642,174.80044555664062,147667800
2026-03-25,176.69612335614488,180.8067226806179,176.44669348987364,178.2725067138672,162602100
2026-03-26,175.66847416549638,176.10745794358192,170.74970926821888,170.8494873046875,186152200
2026-03-27,169.61229451028825,170.58008352629554,166.62910808502988,167.13795471191406,196212700
2026-03-30,168.3950875250076,169.0635577295173,163.89537828689438,164.79331970214844,185627000
2026-03-31,166.58922503111532,174.22177306603788,166.57925331681818,174.0022735595703,226181300
2026-04-01,175.59862725595661,176.96549806235143,174.3514779146501,175.3491973876953,168132000
2026-04-02,171.7873183615289,177.0852211444685,170.9791680862979,176.98544311523438,143143200
2026-04-06,176.75597747742694,177.3845303646084,175.35916114415525,177.23487854003906,107564300
2026-04-07,175.32922705160684,177.8235255680002,173.26395579650787,177.69383239746094,132534900
2026-04-08,184.079243714486,184.83750503722598,179.8888249511496,181.66476440429688,147732700
2026-04-09,181.42529878487736,183.6601958045732,180.20807985372045,183.49058532714844,116428500
2026-04-10,183.88967366981893,189.56669990817062,183.87970195572368,188.1998291015625,160459500
2026-04-13,185.605746824658,189.2274732756209,185.3164148846483,188.87826538085938,133648200
2026-04-14,190.40477641072036,196.0618438720703,190.33494396561244,196.0618438720703,161307000
2026-04-15,196.09178511161633,199.94298301571828,195.2936216855987,198.41647338867188,185338400
2026-04-16,196.97974400923295,199.39423847906178,195.36344336942167,197.8976593017578,134012900
2026-04-17,199.44410763257105,201.2400056483541,198.8155547450397,201.2200469970703,160324400
2026-04-20,199.52392392325544,201.70893187328167,197.38880498867078,201.59918212890625,119381400
2026-04-21,201.66904795828867,202.28762917830338,198.54618104306965,199.42417907714844,107945300
2026-04-22,200.53164182940822,202.03819274902344,198.54617460274403,202.03819274902344,107501000
2026-04-23,201.99828375930824,203.3651545152774,196.77022843278436,199.18470764160156,113561800
2026-04-24,199.50398270942756,210.46890943516505,199.35431566144254,207.79502868652344,214134400
2026-04-27,209.17187844164343,216.33551207209098,206.90706623150768,216.1160125732422,187172400
2026-04-28,209.01225288404052,214.2402930542568,207.72518626919629,212.68385314941406,180275400
2026-04-29,212.2149257168926,212.23488436877426,207.10660696252424,208.77279663085938,123711800
2026-04-30,209.45124259423534,209.82040915320695,198.24685712515335,199.11488342285156,225239200
2026-05-01,200.8209691272831,202.5370477944956,196.67045257290908,197.99742126464844,128647000
2026-05-04,199.04502180842945,201.2699318245734,194.29588290907526,198.02734375,125368100
2026-05-05,198.84548202478717,199.7833407086998,195.58293528206713,196.05186462402344,113406600
2026-05-06,199.43413852494058,207.7950323152332,198.15705885791613,207.3560333251953,188362800
2026-05-07,207.86487247229027,213.7115092245668,206.02907228582575,211.01766967773438,168307900
2026-05-08,212.5441790763045,217.30330524675068,212.40449895841255,214.709228515625,136421400
2026-05-11,213.55186573785767,221.79303819063418,213.40221390900197,218.93955993652344,160685800
2026-05-12,218.05159434962442,223.23973257586303,214.42986778297353,220.27650451660156,159176600
2026-05-13,224.41703053540263,227.32039781394542,221.0647077692387,225.3149871826172,150405400
2026-05-14,229.32582552778115,236.00055597235212,228.77707677625682,235.202392578125,180782900
2026-05-15,229.23602944473367,230.9720668751014,223.7286287034134,224.80616760253906,180977600
2026-05-18,229.34577348371204,229.4754818886306,217.8719993892805,221.81300354003906,146280900
2026-05-19,219.11914008419038,223.96805720569674,217.41304835521052,220.1068878173828,140948200
2026-05-20,222.6710257508039,225.61431038954527,219.9971448577806,222.9603729248047,184201600
2026-05-21,221.78305837384474,226.8814055684356,217.43300079554024,219.0093994140625,203381800
2026-05-22,220.39621757095847,220.50596731800164,214.3101381389001,214.83892822265625,169275700
2026-05-26,216.04617181279934,217.68243116855118,211.5165320236786,214.37001037597656,187202600
2026-05-27,213.63168066177133,213.66161102691768,208.30386252985457,212.1151580810547,167601200
2026-05-28,210.79815519844968,215.02849096688144,210.73829446983814,213.76138305664062,143996000
2026-05-29,214.09065053210412,217.36316924965476,210.64852132770383,210.6584930419922,289410600
2026-06-01,215.23801892090273,224.35717434911126,215.20808855445495,223.8483428955078,212850700
2026-06-02,226.66188583823322,231.75026086454594,220.84519513709748,222.3118438720703,193362900
2026-06-03,221.2143597561905,222.31185725112735,214.02079575535723,214.26025390625,160907000
2026-06-04,213.67091279390368,221.35231998810906,210.73419644348996,218.4156036376953,169022200
2026-06-05,214.2902104723603,214.62982678346356,204.10161444712602,204.87075805664062,219655500
2026-06-08,209.94507132882276,210.23475572682116,205.76975069388217,208.40679931640625,138372800
2026-06-09,210.3845825512031,211.16370951624515,199.11719156565087,207.95730590820312,180962500
2026-06-10,204.20149632565034,206.98838641050182,199.696542748819,200.19598388671875,161746600
2026-06-11,201.26479475008583,205.43013200106668,199.31696212361035,204.64100646972656,158643200
2026-06-12,204.6310298517525,206.83856645475237,203.21261880599855,204.96066284179688,112001800
2026-06-15,208.68648640498938,212.47225882321928,208.10713284720606,212.21253967285156,149936700
2026-06-16,210.94395209283806,211.25361840198772,207.05830064217733,207.1781768798828,125694100
2026-06-17,208.29691745433288,208.9761653200819,202.8530121596522,204.42124938964844,128363500
2026-06-18,207.09826842291386,211.1537281092123,206.26919428756833,210.4545135498047,241272000
2026-06-22,211.2036686200953,213.7508214450341,207.48782537372824,208.41677856445312,122041400
2026-06-23,201.94403040148535,203.54224815949766,199.77645766483005,199.81640625,153496200
2026-06-24,199.89631590195674,201.44458647582786,196.36027935647695,198.77757263183594,151810700
2026-06-25,199.85637045714446,200.5755669254449,191.9152592982058,195.52122497558594,149550000
2026-06-26,192.90414096411192,195.33143282930595,191.0062707295152,192.31480407714844,179304100
2026-06-29,193.63333194293918,195.96071419295149,189.58785574691487,194.7520751953125,148835700
2026-06-30,197.0195429632178,200.4057532237791,194.89191886651452,199.86634826660156,166476700
2026-07-01,195.98069896251877,199.62662840490702,193.23377271109229,197.35916137695312,146147600
2026-07-02,196.9196593659626,199.8363939026278,192.1350197738411,194.61224365234375,142068700
2026-07-06,194.20269428466304,197.32920075051607,193.77318221313826,195.33143615722656,108999000
2026-07-07,192.15498377986222,198.18824142626735,190.92636281467173,196.7098846435547,124154600
2026-07-08,194.9618356993413,204.93069180759116,194.84197470333905,203.891845703125,147419100
2026-07-09,204.23147485952867,204.36131918975943,198.73762239526957,202.5533447265625,132037400
2026-07-10,201.7742207048944,210.7641612313501,201.69430829342895,210.72421264648438,148421000
2026-07-13,208.3069001369788,210.33464515051216,202.77309911383117,203.30250549316406,121411000
2026-07-14,207.96729575339148,212.31243993744155,203.57221964678251,211.5632781982422,124379600
2026-07-15,211.7230919717581,213.57101502024952,205.80969553973085,212.26248168945312,124797200
2026-07-16,209.93509060438328,210.84407715298516,205.61992700554663,207.16818237304688,122986100
2026-07-17,202.41350482950477,206.41901728963356,197.74872640584337,202.58331298828125,144281900
2026-07-20,205.63989694335598,207.50781723343968,202.05391309694542,203.05279541015625,88701500
2026-07-21,207.30802440628602,208.4167843613107,203.78197113093626,207.0583038330078,108685600
2026-07-22,205.57996827489498,214.15038042761168,204.72092886821054,211.82298278808594,137645600
2026-07-23,209.22588688656515,210.63429930291466,205.72979894313582,208.5266571044922,110505300
2026-07-24,207.21812923496972,211.6731509810223,204.5810805834776,206.6088104248047,114836800
2026-07-27,207.96729627325774,208.51668459839084,195.22156333884286,196.2903594970703,154353700
2026-07-28,194.78204700134697,198.47790843456414,192.52457850774027,196.789794921875,134111500
2026-07-29,195.63110696844683,196.84974460884015,189.79762268066406,189.79762268066406,147680800
2026-07-30,193.23377181769484,197.02952748682713,191.3059363552755,194.82199096679688,129010200
2026-07-31,198.2182038580375,201.77422236802423,194.73209918257555,200.52561950683594,139961200
2026-08-03,197.46904862701152,208.50670133078404,196.62999113475112,206.40904235839844,128406900
2026-08-04,211.06382570110384,212.82185300096492,208.8163406042335,211.70310974121094,134922000
2026-08-05,216.6176127852948,221.9716224388697,216.15812022814887,218.9749755859375,158187400
2026-08-06,221.28239358061882,223.38005249670454,216.75745800384053,218.7452392578125,113940600
2026-08-07,221.29237770419127,224.50877992471257,220.41337164588714,223.70968627929688,105669400
2026-08-10,223.15029107269072,223.88946943306019,216.5277120448001,217.3068389892578,115846600
2026-08-11,221.92167541427946,221.9516406634887,215.95834695389817,217.25689697265625,101273100
2026-08-12,220.7929293559802,224.84840415873398,219.95387191061064,223.8395233154297,108783600
2026-08-13,224.80845001468583,226.97602279610956,223.45996804263754,225.04818725585938,98867200
2026-08-14,226.51654155338588,227.23573802273873,224.24907448357243,224.90834045410156,75680900
2026-08-17,225.72741618855906,227.66525027466162,224.60867289832842,224.7584991455078,93678700
2026-08-18,220.20359791537197,221.39227027986857,218.44557057093272,219.49440002441406,103128200
2026-08-19,221.4222404106533,222.62089613745684,216.51772459764655,217.31683349609375,96797300
2026-08-20,218.1159423024499,219.6142657707553,215.41896310784705,216.60763549804688,92457000
2026-08-21,218.17587248780362,218.49552214328025,214.26025565862156,214.48001098632812,98869300
2026-08-24,215.28910206110334,215.34903256074918,207.01835779182306,208.24697875976562,135187300
2026-08-25,210.79412790131315,214.48998931653267,209.87515802586688,212.81187438964844,122309000
2026-08-26,212.40232405945306,213.3612577394914,208.99613188036045,209.4256591796875,179900000
2026-08-27,222.61090164325523,230.21239627098788,220.6530857022795,227.7251739501953,298909800
2026-08-28,227.10587153371227,229.00374173344596,216.56766062888835,217.3068389892578,195116400
2026-08-31,218.62536478578363,221.05265670783686,215.96834944345454,220.53323364257812,124702700
2026-09-01,216.50774446342592,220.1636574397174,214.8595947199138,217.1969757080078,109756200
2026-09-02,218.5454508199983,227.6952163087265,218.23579974693772,224.1591796875,157104700
2026-09-03,225.76737972053164,230.14247379152744,224.49879494304554,228.1946563720703,134681600
2026-09-04,230.83170360414334,234.49759976142684,229.37334400327853,230.10252380371094,135352400
2026-09-08,232.84944771666764,233.44878317831424,224.59868561283858,225.47769165039062,122965600
2026-09-09,225.0281992525124,225.92718720955042,223.21024142511232,223.4199981689453,82955500
2026-09-10,220.52999877929688,220.99000549316406,217.1999969482422,218.36000061035156,105768000
2026-09-11,221.24000549316406,222.0,218.14999389648438,218.2899932861328,89060100
2026-09-14,211.24000549316406,212.77000427246094,208.92999267578125,210.9600067138672,132267200
2026-09-15,213.3800048828125,213.94000244140625,211.16000366210938,212.1699981689453,88059700
2026-09-16,214.13999938964844,216.75999450683594,212.5,213.89999389648438,96563600
2026-09-17,218.3800048828125,219.91000366210938,217.14999389648438,219.33999633789062,94191300
2026-09-18,219.35000610351562,222.72999572753906,218.02999877929688,222.27000427246094,189683500
